,bigram,freq
10671,"('mister_NOUN', 'Coombe_NOUN')",44
8036,"('young_ADJ', 'man_NOUN')",40
4465,"('old_ADJ', 'man_NOUN')",28
8816,"('ghost_NOUN', 'story_NOUN')",24
12955,"('cornet_NOUN', 'player_NOUN')",24
10573,"('mister_NOUN', 'Coombes_NOUN')",24
9532,"('next_ADJ', 'morning_NOUN')",16
13078,"('German_ADJ', 'band_NOUN')",16
12842,"('sinful_ADJ', 'man_NOUN')",16
10558,"('middle_ADJ', 'card_NOUN')",16
8776,"('orthodox_NOUN', 'respectable_ADJ')",12
8775,"('proper_NOUN', 'orthodox_NOUN')",12
1580,"('old_ADJ', 'woman_NOUN')",12
10657,"('half_ADJ', 'crown_NOUN')",12
10551,"('old_ADJ', 'mister_NOUN')",12
15165,"('th_ADJ', 'century_NOUN')",12
9828,"('next_ADJ', 'day_NOUN')",12
9378,"('good_ADJ', 'deal_NOUN')",12
3,"('librivox_ADJ', 'recording_NOUN')",12
9182,"('bed_NOUN', 'rail_NOUN')",8
12355,"('poor_ADJ', 'fellow_NOUN')",8
13613,"('plain_ADJ', 'fact_NOUN')",8
11861,"('old_ADJ', 'miser_NOUN')",8
972,"('brave_ADJ', 'father_NOUN')",8
9749,"('next_ADJ', 'night_NOUN')",8
10303,"('funny_ADJ', 'story_NOUN')",8
15421,"('generic_ADJ', 'form_NOUN')",8
9802,"('rich_ADJ', 'uncle_NOUN')",8
15608,"('digital_ADJ', 'medium_NOUN')",8
8777,"('respectable_ADJ', 'way_NOUN')",8
15281,"('structural_ADJ', 'force_NOUN')",8
11046,"('poor_ADJ', 'thing_NOUN')",8
2277,"('way_NOUN', 'home_NOUN')",8
10136,"('gross_ADJ', 'injustice_NOUN')",8
13202,"('peasant_NOUN', 'lad_NOUN')",8
2302,"('funeral_NOUN', 'rite_NOUN')",8
13201,"('Italian_ADJ', 'peasant_NOUN')",8
10773,"('coal_ADJ', 'scuttle_NOUN')",8
10207,"('whisky_ADJ', 'punch_NOUN')",8
15385,"('ideal_ADJ', 'form_NOUN')",8
10477,"('young_ADJ', 'fellow_NOUN')",8
10476,"('foolish_ADJ', 'young_ADJ')",8
14283,"('next_ADJ', 'door_NOUN')",8
10077,"('good_ADJ', 'supper_NOUN')",8
10519,"('picture_NOUN', 'card_NOUN')",8
10770,"('card_NOUN', 'next_ADJ')",8
11793,"('law_NOUN', 'mister_NOUN')",8
9468,"('room_NOUN', 'door_NOUN')",8
12512,"('good_ADJ', 'story_NOUN')",8
14295,"('bass_NOUN', 'viol_NOUN')",8
10681,"('blanket_NOUN', 'fund_NOUN')",8
11823,"('clay_NOUN', 'pipe_NOUN')",8
15159,"('decimal_ADJ', 'point_NOUN')",8
9621,"(""'the_ADJ"", 'guest_NOUN')",8
11787,"('old_ADJ', 'Mill_NOUN')",8
15567,"('whole_ADJ', 'idea_NOUN')",8
9693,"('good_ADJ', 'night_NOUN')",8
15216,"('natural_ADJ', 'form_NOUN')",8
13958,"('first_ADJ', 'time_NOUN')",8
11084,"('good_ADJ', 'bye_NOUN')",8
624,"('immortal_ADJ', 'god_NOUN')",8
3139,"('old_ADJ', 'friend_NOUN')",8
11822,"('long_ADJ', 'clay_NOUN')",8
5140,"('barley_NOUN', 'meal_NOUN')",6
3554,"('excellent_ADJ', 'person_NOUN')",6
3346,"('morning_NOUN', 'rosy_ADJ')",6
5992,"('inward_ADJ', 'meat_NOUN')",6
1174,"('good_ADJ', 'thing_NOUN')",6
1196,"('man_NOUN', 'servant_NOUN')",6
2199,"('marriage_NOUN', 'gift_NOUN')",6
10,"('public_ADJ', 'domain_NOUN')",6
7914,"('drink_NOUN', 'offering_NOUN')",6
1829,"('whole_ADJ', 'house_NOUN')",6
1469,"('old_ADJ', 'day_NOUN')",6
934,"('mixing_ADJ', 'bowl_NOUN')",6
1536,"('open_ADJ', 'country_NOUN')",6
5499,"('barley_NOUN', 'meal_ADJ')",6
18,"('please_ADJ', 'visit_NOUN')",6
19,"('visit_NOUN', 'librivox.org_NOUN')",6
7754,"('much_ADJ', 'treasure_NOUN')",6
10987,"('low_ADJ', 'wail_NOUN')",4
11297,"('stand_ADJ', 'aside_NOUN')",4
11060,"('former_ADJ', 'lessee_NOUN')",4
11064,"('beautiful_ADJ', 'girl_NOUN')",4
11057,"('early_ADJ', 'life_NOUN')",4
11129,"('funeral_NOUN', 'expense_NOUN')",4
11128,"('simple_ADJ', 'funeral_NOUN')",4
11125,"('negotiable_ADJ', 'value_NOUN')",4
11115,"('portable_ADJ', 'property_NOUN')",4
11110,"('early_ADJ', 'day_NOUN')",4
11243,"('blissful_ADJ', 'hour_NOUN')",4
11242,"('many_ADJ', 'blissful_ADJ')",4
11007,"('little_ADJ', 'nervous_NOUN')",4
11233,"('bygone_NOUN', 'day_NOUN')",4
11232,"('happy_ADJ', 'bygone_NOUN')",4
11015,"('sinful_ADJ', 'people_NOUN')",4
11228,"('lonely_ADJ', 'life_NOUN')",4
10993,"('staircase_NOUN', 'window_NOUN')",4
11260,"('fellow_NOUN', 'die_NOUN')",4
11259,"('old_ADJ', 'fellow_NOUN')",4
11258,"('poor_ADJ', 'old_ADJ')",4
11252,"('empty_NOUN', 'room_NOUN')",4
11192,"('heard_ADJ', 'anything_NOUN')",4
6721,"('bad_ADJ', 'end_NOUN')",4
11201,"('local_ADJ', 'tradesman_NOUN')",4
11222,"('fruitless_ADJ', 'effort_NOUN')",4
11212,"('lost_ADJ', 'love_NOUN')",4
11887,"('local_ADJ', 'wiseacre_NOUN')",4
11894,"('miserly_ADJ', 'miller_NOUN')",4
5840,"('deep_ADJ', 'blue_NOUN')",4
11860,"('wicked_ADJ', 'old_ADJ')",4
11910,"('hiding_NOUN', 'place_NOUN')",4
5833,"('fair_ADJ', 'wind_NOUN')",4
11936,"('unless_ADJ', 'business_NOUN')",4
11935,"('gold_NOUN', 'unless_ADJ')",4
11915,"('much_ADJ', 'importance_NOUN')",4
11929,"('attempt_NOUN', 'whatever_NOUN')",4
5996,"('thigh_ADJ', 'bone_NOUN')",4
11784,"('curious_ADJ', 'affair_NOUN')",4
12111,"('potato_NOUN', 'sack_NOUN')",4
12123,"('penny_NOUN', 'bit_NOUN')",4
12160,"('kitchen_ADJ', 'floor_NOUN')",4
12174,"('third_ADJ', 'night_NOUN')",4
12146,"('old_ADJ', 'idiot_NOUN')",4
12147,"('idiot_NOUN', 'go_NOUN')",4
11994,"('last_ADJ', 'stroke_NOUN')",4
12007,"('Christian_ADJ', 'name_NOUN')",4
11990,"('village_NOUN', 'church_NOUN')",4
12068,"('small_ADJ', 'percentage_NOUN')",4
12030,"('law_NOUN', 'saw_NOUN')",4
12035,"('wizened_ADJ', 'little_ADJ')",4
12036,"('little_ADJ', 'old_ADJ')",4
6402,"('Achaean_ADJ', 'name_NOUN')",4
11416,"('old_ADJ', 'fool_NOUN')",4
11437,"('good_ADJ', 'game_NOUN')",4
6336,"('outer_ADJ', 'meat_NOUN')",4
6348,"('excellent_ADJ', 'dinner_NOUN')",4
11331,"('women_ADJ', 'folk_NOUN')",4
11310,"('much_ADJ', 'ceremony_NOUN')",4
11322,"('old_ADJ', 'ghost_NOUN')",4
11397,"('drawing_NOUN', 'room_NOUN')",4
11410,"('whole_ADJ', 'affair_NOUN')",4
11383,"('different_ADJ', 'room_NOUN')",4
11384,"('room_NOUN', 'moaning_NOUN')",4
11677,"('next_ADJ', 'time_NOUN')",4
11628,"('pathetic_ADJ', 'thing_NOUN')",4
11637,"('wept_NOUN', 'Dad_NOUN')",4
6118,"('Pylian_ADJ', 'people_NOUN')",4
11705,"('young_ADJ', 'Biffles_NOUN')",4
11708,"('much_ADJ', 'feeling_NOUN')",4
11711,"('little_ADJ', 'thoughtful_NOUN')",4
11716,"('old_ADJ', 'Doctor_NOUN')",4
11704,"('story_NOUN', 'young_ADJ')",4
11688,"('general_ADJ', 'hour_NOUN')",4
11556,"('old_ADJ', 'chap_NOUN')",4
11563,"('old_ADJ', 'sort_NOUN')",4
11539,"('utterly_ADJ', 'destitute_NOUN')",4
11542,"('dead_ADJ', 'Emilie_NOUN')",4
6289,"('thy_ADJ', 'grace_NOUN')",4
11580,"('little_ADJ', 'mound_NOUN')",4
11590,"('following_ADJ', 'inscription_NOUN')",4
11598,"('last_ADJ', 'words_NOUN')",4
9486,"('man_NOUN', 'think_NOUN')",4
9478,"('night_NOUN', 'dress_NOUN')",4
9460,"('country_NOUN', 'house_NOUN')",4
9464,"('west_ADJ', 'wing_NOUN')",4
9558,"('strange_ADJ', 'request_NOUN')",4
9530,"('breakfast_ADJ', 'table_ADJ')",4
9548,"('deadly_ADJ', 'pale_NOUN')",4
9531,"('table_ADJ', 'next_ADJ')",4
9445,"('comic_ADJ', 'journal_NOUN')",4
8805,"('experienced_ADJ', 'reader_NOUN')",4
8795,"('mere_ADJ', 'matter_NOUN')",4
8786,"('respectable_ADJ', 'thing_NOUN')",4
8830,"('annual_ADJ', 'fete_NOUN')",4
9427,"('ghost_ADJ', 'story_NOUN')",4
9440,"('farcical_ADJ', 'comedy_NOUN')",4
9404,"('old_ADJ', 'safe_ADJ')",4
9405,"('safe_ADJ', 'business_NOUN')",4
9768,"('secret_ADJ', 'passage_NOUN')",4
9774,"('beer_NOUN', 'cellar_NOUN')",4
9775,"('cellar_NOUN', '-a_NOUN')",4
9776,"('-a_NOUN', 'passage_NOUN')",4
9785,"('bad_ADJ', 'old_ADJ')",4
9792,"('strange_ADJ', 'sensation_NOUN')",4
9797,"('uncle_ADJ', 'stand_NOUN')",4
9806,"('weird_ADJ', 'sort_NOUN')",4
9819,"('half_ADJ', 'past_NOUN')",4
9597,"('murdered_ADJ', 'ghost_NOUN')",4
9618,"('sceptical_ADJ', 'guest_NOUN')",4
9701,"('white_ADJ', 'hair_NOUN')",4
9710,"('plucky_ADJ', 'guest_NOUN')",4
9678,"('yellow_ADJ', 'Chamber_NOUN')",4
9684,"('haunted_ADJ', 'room_NOUN')",4
9687,"('light_ADJ', 'heart_NOUN')",4
9221,"('village_NOUN', 'pond_NOUN')",4
9211,"('fussy_ADJ', 'ghost_NOUN')",4
9206,"('year_NOUN', 'round_NOUN')",4
9197,"('undiscovered_ADJ', 'number_NOUN')",4
9226,"('single_ADJ', 'night_NOUN')",4
9191,"('conscientious_ADJ', 'ghost_NOUN')",4
9241,"('orthodox_NOUN', 'ghost_NOUN')",4
9240,"('average_ADJ', 'orthodox_NOUN')",4
9234,"('-class_ADJ', 'funeral_NOUN')",4
9233,"('first_ADJ', '-class_ADJ')",4
9153,"('purpose_NOUN', 'whatsoever_NOUN')",4
9152,"('useful_ADJ', 'purpose_NOUN')",4
9146,"('prior_ADJ', 'knowledge_NOUN')",4
9134,"('terrible_ADJ', 'disaster_NOUN')",4
9130,"('coming_ADJ', 'disgrace_NOUN')",4
9358,"('authentic_ADJ', 'anecdote_NOUN')",4
9363,"('genial_ADJ', 'festive_ADJ')",4
9340,"('people_NOUN', 'moot_NOUN')",4
9364,"('festive_ADJ', 'season_NOUN')",4
9397,"('new_ADJ', 'performance_NOUN')",4
9392,"('fault_ADJ', 'ghost_NOUN')",4
9383,"('ghostly_ADJ', 'experience_NOUN')",4
9328,"('people_NOUN', 'always_NOUN')",4
9291,"('dead_NOUN', 'one_NOUN')",4
9285,"('living_ADJ', 'relation_NOUN')",4
9273,"('time_NOUN', 'everybody_NOUN')",4
9265,"('cold_ADJ', 'muddy_NOUN')",4
9313,"('summer_NOUN', 'rain_NOUN')",4
9305,"('muggy_ADJ', 'atmosphere_NOUN')",4
9304,"('close_NOUN', 'muggy_ADJ')",4
8930,"('fiendish_ADJ', 'grin_NOUN')",4
8991,"('fourth_NOUN', 'Ghost_NOUN')",4
8983,"('stirring_NOUN', 'night_NOUN')",4
8969,"('previous_ADJ', 'year_NOUN')",4
8960,"('working_NOUN', 'order_NOUN')",4
8959,"('good_ADJ', 'working_NOUN')",4
8925,"('rave_ADJ', 'mad_NOUN')",4
8870,"('grave_ADJ', 'clothe_NOUN')",4
8867,"('winding_NOUN', 'sheet_NOUN')",4
8911,"('stain_ADJ', 'Countess_NOUN')",4
8910,"('crime_NOUN', 'stain_ADJ')",4
8907,"('murdered_ADJ', 'Barons_NOUN')",4
8904,"('swagger_ADJ', 'set_NOUN')",4
9077,"('local_ADJ', 'event_NOUN')",4
9076,"('mere_ADJ', 'local_ADJ')",4
9062,"('little_ADJ', 'haunting_NOUN')",4
9115,"('peaceful_ADJ', 'home_NOUN')",4
9099,"('British_ADJ', 'ghost_NOUN')",4
9098,"('average_ADJ', 'British_ADJ')",4
9011,"('gentleman_ADJ', 'ghost_NOUN')",4
9056,"('-class_NOUN', 'ghost_NOUN')",4
9055,"('middle_NOUN', '-class_NOUN')",4
9054,"('mere_ADJ', 'middle_NOUN')",4
9047,"('whatever_NOUN', 'Ghost_NOUN')",4
9046,"('cause_NOUN', 'whatever_NOUN')",4
9045,"('perceptible_ADJ', 'cause_NOUN')",4
9029,"('lady_ADJ', 'spectre_NOUN')",4
10630,"('boat_NOUN', 'race_NOUN')",4
10633,"('cricket_NOUN', 'match_NOUN')",4
10652,"('demoralising_NOUN', 'game_NOUN')",4
10664,"('useful_ADJ', 'lesson_NOUN')",4
10464,"('low_ADJ', 'unscrupulous_ADJ')",4
10465,"('unscrupulous_ADJ', 'man_NOUN')",4
10466,"('man_NOUN', 'frequenter_NOUN')",4
10469,"('race_NOUN', 'meeting_NOUN')",4
10426,"('animated_ADJ', 'expression_NOUN')",4
10429,"('eloquent_ADJ', 'gesture_NOUN')",4
10432,"('curious_ADJ', 'mistake_NOUN')",4
10515,"('plain_ADJ', 'card_NOUN')",4
10520,"('card_NOUN', 'sat_ADJ')",4
10482,"('simple_ADJ', 'trick_NOUN')",4
10507,"('tea_NOUN', 'caddy_NOUN')",4
10894,"('next_ADJ', 'recollection_NOUN')",4
10902,"('first_ADJ', 'story_NOUN')",4
10913,"('exact_ADJ', 'word_NOUN')",4
10861,"('funny_ADJ', 'mistake_NOUN')",4
10876,"('double_ADJ', 'quantity_NOUN')",4
10952,"('first_ADJ', 'met_NOUN')",4
10969,"('little_ADJ', 'bedroom_NOUN')",4
10944,"('faithful_ADJ', 'ghost_NOUN')",4
10934,"('trade_NOUN', 'secret_NOUN')",4
10935,"('secret_NOUN', 'Biffle_NOUN')",4
10764,"('ruined_ADJ', 'man_NOUN')",4
10723,"('right_ADJ', 'card_NOUN')",4
10747,"('so-called_ADJ', 'sport_NOUN')",4
10739,"('man_NOUN', 'tried_NOUN')",4
10841,"('bad_ADJ', 'quarter_NOUN')",4
10848,"('hard_ADJ', 'luck_NOUN')",4
10811,"('thing_NOUN', 'right_ADJ')",4
10814,"('blanket_ADJ', 'fund_NOUN')",4
10040,"('colour_ADJ', 'wall_ADJ')",4
10041,"('wall_ADJ', 'paper_NOUN')",4
10046,"('wild_ADJ', 'street_NOUN')",4
10054,"('unquiet_ADJ', 'spirit_NOUN')",4
10029,"('front_ADJ', 'parlour_NOUN')",4
10107,"('much_ADJ', 'surprise_ADJ')",4
10064,"('troubled_ADJ', 'cry_NOUN')",4
10065,"('cry_NOUN', 'round_NOUN')",4
10068,"('milk_NOUN', 'shop_NOUN')",4
10090,"('party_NOUN', 'Rumour_NOUN')",4
9917,"('door_NOUN', 'still_ADJ')",4
9918,"('still_ADJ', 'speechless_NOUN')",4
9921,"('faithful_ADJ', 'latch_ADJ')",4
9922,"('latch_ADJ', 'key_NOUN')",4
9887,"('abbey_NOUN', 'creep_NOUN')",4
9883,"('light_ADJ', 'issuing_NOUN')",4
9886,"('ruined_ADJ', 'abbey_NOUN')",4
9894,"('grey_ADJ', 'sister_NOUN')",4
9899,"('brown_ADJ', 'monk_NOUN')",4
9934,"('ghose_NOUN', 'story_NOUN')",4
8145,"('year_NOUN', 'old_ADJ')",4
9948,"('English_ADJ', 'society_NOUN')",4
9952,"('present_ADJ', 'regulated_ADJ')",4
9959,"('authentic_ADJ', 'ghost_NOUN')",4
10297,"('happy_ADJ', 'everybody_NOUN')",4
10284,"('gin_ADJ', 'punch_NOUN')",4
10292,"('much_ADJ', 'difference_NOUN')",4
10378,"('interesting_ADJ', 'anecdote_NOUN')",4
10394,"('slightest_ADJ', 'attention_NOUN')",4
10343,"('Doctor_NOUN', 'sang_NOUN')",4
10352,"('different_ADJ', 'animal_NOUN')",4
10363,"('bantam_NOUN', 'cock_NOUN')",4
10166,"('special_ADJ', 'make_NOUN')",4
10169,"('cheesecake_NOUN', 'warm_NOUN')",4
10175,"('cold_ADJ', 'cheesecake_NOUN')",4
10186,"('particular_ADJ', 'old_ADJ')",4
10187,"('old_ADJ', 'ale_NOUN')",4
10134,"('although_ADJ', 'injustice_NOUN')",4
10135,"('injustice_NOUN', 'gross_ADJ')",4
10153,"('unfeeling_ADJ', 'insinuation_NOUN')",4
10159,"('hot_ADJ', 'veal_ADJ')",4
10160,"('veal_ADJ', 'pasty_NOUN')",4
10227,"('curate_NOUN', 'old_ADJ')",4
10228,"('old_ADJ', 'Dr_NOUN')",4
10237,"('County_NOUN', 'Council_NOUN')",4
10243,"('Uncle_ADJ', 'company_NOUN')",4
10226,"('local_ADJ', 'curate_NOUN')",4
12180,"('third_ADJ', 'time_NOUN')",4
14647,"('old_ADJ', 'cock_NOUN')",4
14660,"('poor_ADJ', 'ghost_NOUN')",4
14624,"('water_NOUN', 'rate_NOUN')",4
14625,"('rate_NOUN', 'collector_NOUN')",4
14637,"('policeman_ADJ', 'went_NOUN')",4
14667,"('back_ADJ', 'home_NOUN')",4
14705,"('fix_ADJ', 'time_NOUN')",4
14707,"('everybody_ADJ', 'stick_NOUN')",4
14688,"('absurd_ADJ', 'arrangement_NOUN')",4
14543,"('slight_ADJ', 'noise_NOUN')",4
14553,"('deathly_ADJ', 'black_NOUN')",4
14538,"('hair_ADJ', 'stand_NOUN')",4
2242,"('hear_ADJ', 'thing_NOUN')",4
14612,"('time_NOUN', 'sooner_NOUN')",4
14561,"('best_ADJ', 'thing_NOUN')",4
1663,"('much_ADJ', 'longer_NOUN')",4
14879,"('night_ADJ', 'shirt_NOUN')",4
14836,"('friend_NOUN', 'part_NOUN')",4
1689,"('looking_ADJ', 'fellow_NOUN')",4
14755,"('past_ADJ', 'three_NOUN')",4
14754,"('half_ADJ', 'past_ADJ')",4
14738,"('mister_NOUN', 'Bowles_NOUN')",4
14741,"('cock_NOUN', 'next_ADJ')",4
14823,"('little_ADJ', 'gruffly_NOUN')",4
14810,"('local_ADJ', 'constable_NOUN')",4
14246,"('useful_ADJ', 'thing_NOUN')",4
14268,"('necessary_ADJ', 'paraphernalia_NOUN')",4
14271,"('coat_ADJ', 'pocket_NOUN')",4
14307,"('young_ADJ', 'people_NOUN')",4
14322,"('musical_ADJ', 'instrument_NOUN')",4
14286,"('young_ADJ', 'lady_NOUN')",4
14300,"('fiendish_ADJ', 'cunning_NOUN')",4
2908,"('heaven_ADJ', 'help_NOUN')",4
2907,"('man_NOUN', 'heaven_ADJ')",4
14188,"('ordinary_ADJ', 'middle_ADJ')",4
14189,"('middle_ADJ', 'society_NOUN')",4
14178,"('busy_ADJ', 'time_NOUN')",4
14161,"('little_ADJ', 'cough_NOUN')",4
14476,"('came_NOUN', 'upstair_NOUN')",4
14483,"('window_NOUN', 'sash_NOUN')",4
14465,"('haunting_ADJ', 'purpose_NOUN')",4
14468,"('last_ADJ', 'German_ADJ')",4
14469,"('band_NOUN', 'ghost_NOUN')",4
2288,"('twelve_ADJ', 'month_NOUN')",4
14502,"('nothing_NOUN', 'much_ADJ')",4
2314,"('mother_ADJ', 'marry_NOUN')",4
14365,"('dreary_ADJ', 'poem_NOUN')",4
14368,"('even_ADJ', 'party_NOUN')",4
14370,"('callow_ADJ', 'youth_NOUN')",4
14376,"('night_NOUN', 'play_ADJ')",4
14377,"('play_ADJ', 'concertina_NOUN')",4
2565,"('sad_ADJ', 'tale_NOUN')",4
14392,"('temperance_NOUN', 'lecturer_NOUN')",4
14397,"('small_ADJ', 'room_NOUN')",4
14403,"('collection_NOUN', 'box_NOUN')",4
14404,"('box_NOUN', 'apiece_NOUN')",4
15548,"('architect_NOUN', 'symmetry_NOUN')",4
428,"('father_NOUN', 'son_NOUN')",4
15601,"('architectural_ADJ', 'form_NOUN')",4
403,"('return_ADJ', 'home_NOUN')",4
477,"('poor_ADJ', 'man_NOUN')",4
15573,"('ideal_ADJ', 'shape_NOUN')",4
473,"('sea-girt_ADJ', 'island_NOUN')",4
15442,"('long_ADJ', 'time_NOUN')",4
15462,"('ideal_ADJ', 'type_NOUN')",4
15424,"('genetic_ADJ', 'evolution_NOUN')",4
15464,"('ideal_ADJ', 'average_NOUN')",4
15510,"('opposable_ADJ', 'thumb_NOUN')",4
15501,"('thumb_NOUN', 'mutation_NOUN')",4
580,"('burnt_ADJ', 'sacrifice_NOUN')",4
15480,"('human_ADJ', 'thumb_NOUN')",4
15760,"('fractional_ADJ', 'part_NOUN')",4
15773,"('continuous_ADJ', 'series_NOUN')",4
15734,"('design_NOUN', 'field_NOUN')",4
15738,"('automobile_NOUN', 'architecture_NOUN')",4
15739,"('architecture_NOUN', 'product_NOUN')",4
15728,"('new_ADJ', 'vocabulary_NOUN')",4
15810,"('unique_ADJ', 'distance_NOUN')",4
15817,"('unique_ADJ', 'angle_NOUN')",4
15789,"('Korean_ADJ', 'church_NOUN')",4
15670,"('different_ADJ', 'dimension_NOUN')",4
15630,"('big_ADJ', 'assembly_NOUN')",4
15622,"('ideal_ADJ', 'unit_NOUN')",4
15625,"('discreet_ADJ', 'element_NOUN')",4
15717,"('straight_ADJ', 'line_NOUN')",4
15690,"('modular_ADJ', 'quality_NOUN')",4
15680,"('sight_NOUN', 'line_NOUN')",4
15684,"('ceiling_NOUN', 'grid_NOUN')",4
15696,"('infinitesimal_ADJ', 'dimension_NOUN')",4
15080,"('injurious_ADJ', 'suspicion_NOUN')",4
15065,"('ill_ADJ', 'feeling_NOUN')",4
15136,"('better_ADJ', 'proportion_NOUN')",4
15113,"('beautiful_ADJ', 'architecture_NOUN')",4
15125,"('hot_ADJ', 'debate_NOUN')",4
14978,"('say_ADJ', 'good-bye_NOUN')",4
15019,"('healthy_NOUN', 'charitable_ADJ')",4
15020,"('charitable_ADJ', 'mind_NOUN')",4
15038,"('simple_ADJ', 'circumstance_NOUN')",4
15008,"('ghost_NOUN', 'waiting_NOUN')",4
15350,"('bubble_ADJ', 'diagram_NOUN')",4
15331,"('model_ADJ', 'translate_NOUN')",4
15339,"('example_NOUN', 'structure_NOUN')",4
15342,"('determining_NOUN', 'force_NOUN')",4
15349,"('fobe_ADJ', 'bubble_ADJ')",4
15304,"('structural_ADJ', 'form_NOUN')",4
15307,"('calculus_ADJ', 'curvature_NOUN')",4
801,"('dear_ADJ', 'father_NOUN')",4
15406,"('perfect_NOUN', 'moment_NOUN')",4
15353,"('foam_NOUN', 'bubble_ADJ')",4
15354,"('bubble_ADJ', 'model_NOUN')",4
15370,"('similar_ADJ', 'heat_NOUN')",4
15371,"('heat_NOUN', 'thermal_ADJ')",4
15372,"('thermal_ADJ', 'transfer_NOUN')",4
15373,"('transfer_NOUN', 'model_NOUN')",4
15378,"('structural_ADJ', 'engineer_NOUN')",4
15193,"('small_ADJ', 'element_NOUN')",4
15196,"('fractional_ADJ', 'subdivision_NOUN')",4
15197,"('subdivision_NOUN', 'finer_NOUN')",4
15202,"('15th_ADJ', 'century_NOUN')",4
1083,"('unhappy_ADJ', 'father_NOUN')",4
15211,"('new_ADJ', 'model_NOUN')",4
1137,"('maid_ADJ', 'servant_NOUN')",4
15184,"('structural_ADJ', 'dais_NOUN')",4
15223,"('digital_ADJ', 'tool_NOUN')",4
15260,"('Gothic_ADJ', 'moment_NOUN')",4
15283,"('vaulting_ADJ', 'get_NOUN')",4
15235,"('best_ADJ', 'example_NOUN')",4
15248,"('Gothic_ADJ', 'architect_NOUN')",4
14112,"('Scotch_ADJ', 'air_NOUN')",4
12836,"('toilet_NOUN', 'service_NOUN')",4
12859,"('eager_ADJ', 'anxiousness_NOUN')",4
12823,"('room_NOUN', 'next_NOUN')",4
12829,"('blue_NOUN', 'chamber_NOUN')",4
12922,"('cornet_ADJ', 'player_NOUN')",4
4551,"('young_ADJ', 'friend_NOUN')",4
12933,"('uncle_ADJ', 'testily_NOUN')",4
12876,"('front_ADJ', 'gate_NOUN')",4
12902,"('good_ADJ', 'shot_NOUN')",4
12703,"('fourth_ADJ', 'spoke_NOUN')",4
12780,"('blood_ADJ', 'curdling_NOUN')",4
12781,"('curdling_NOUN', 'tone_NOUN')",4
12764,"('real_ADJ', 'story_NOUN')",4
12772,"('fellow_NOUN', 'nervous_ADJ')",4
13092,"('second_ADJ', 'day_NOUN')",4
13095,"('whole_ADJ', 'company_NOUN')",4
13117,"('bed_NOUN', 'left_ADJ')",4
13061,"('townsfolk_NOUN', 'try_NOUN')",4
13070,"('ha_NOUN', ""'penny_NOUN"")",4
13121,"('dyspeptic_ADJ', 'crew_NOUN')",4
13155,"('uncle_ADJ', 'go_NOUN')",4
4238,"('large_ADJ', 'sum_NOUN')",4
13149,"('room_NOUN', 'pork-pie_NOUN')",4
13148,"('refreshment_ADJ', 'room_NOUN')",4
13123,"('parish_NOUN', 'doctor_NOUN')",4
13144,"('chief_NOUN', 'ingredient_NOUN')",4
13001,"('known_ADJ', 'forty_NOUN')",4
12976,"('hard_ADJ', 'working_NOUN')",4
12979,"('energetic_ADJ', 'solo_NOUN')",4
12980,"('solo_NOUN', 'cornet_NOUN')",4
12949,"('circumstantial_ADJ', 'evidence_NOUN')",4
12961,"('month_NOUN', 'old_ADJ')",4
13029,"('friendless_ADJ', 'artist_NOUN')",4
13028,"('poor_NOUN', 'friendless_ADJ')",4
13017,"('former_ADJ', 'melody_NOUN')",4
13018,"('melody_NOUN', 'mister_NOUN')",4
13019,"('mere_ADJ', 'child_NOUN')",4
12685,"('useful_ADJ', 'work_NOUN')",4
12374,"('mystery_NOUN', 'cost_NOUN')",4
12381,"('spectral_ADJ', 'old_ADJ')",4
12382,"('old_ADJ', 'frau_NOUN')",4
12390,"('different_ADJ', 'place_NOUN')",4
5235,"('noble_ADJ', 'father_NOUN')",4
12235,"('empty_NOUN', 'quart-pot_NOUN')",4
12238,"('fourth_ADJ', 'night_NOUN')",4
12193,"('learned_ADJ', 'much_ADJ')",4
12194,"('much_ADJ', 'sense_NOUN')",4
12211,"('treasure_ADJ', 'lay_NOUN')",4
12213,"('first_ADJ', 'thing_NOUN')",4
12288,"('silly_ADJ', 'chap_NOUN')",4
5387,"('store_NOUN', 'room_NOUN')",4
12257,"('fifth_ADJ', 'night_NOUN')",4
12269,"('deject_ADJ', 'attitude_NOUN')",4
12275,"('appealing_ADJ', 'look_NOUN')",4
12278,"('large_ADJ', 'sad_NOUN')",4
12566,"('fresh_ADJ', 'collection_NOUN')",4
12572,"('brand_NOUN', 'new_ADJ')",4
12573,"('new_ADJ', 'set_NOUN')",4
5008,"('coward_ADJ', 'henceforward_NOUN')",4
12631,"('box_ADJ', 'round_NOUN')",4
12634,"('mister_NOUN', 'Jacob_NOUN')",4
5146,"('leathern_ADJ', 'bag_NOUN')",4
12475,"('deceased_ADJ', 'local_ADJ')",4
12476,"('local_ADJ', 'plumber_NOUN')",4
12443,"('old_ADJ', 'image_NOUN')",4
12452,"('family_NOUN', 'man_NOUN')",4
12459,"('wick_ADJ', 'old_ADJ')",4
12492,"('knew_ADJ', 'anything_NOUN')",4
12532,"('much_ADJ', 'incident_NOUN')",4
12536,"('many_ADJ', 'vary_ADJ')",4
12537,"('vary_ADJ', 'character_NOUN')",4
12526,"('dozen_NOUN', 'novel_NOUN')",4
12499,"('curate_ADJ', 'told_NOUN')",4
12516,"('material_ADJ', 'went_NOUN')",4
12518,"('enormous_ADJ', 'amount_NOUN')",4
13804,"('haunted_ADJ', 'chamber_NOUN')",4
13177,"('subsequent_ADJ', 'burial_ADJ')",4
13788,"('foolhardy_NOUN', 'enterprise_NOUN')",4
13869,"('door_NOUN', 'thing_NOUN')",4
13832,"('noble_ADJ', 'action_NOUN')",4
13836,"('mere_ADJ', 'general_ADJ')",4
13837,"('general_ADJ', 'consciousness_NOUN')",4
13848,"('remarkable_ADJ', 'buoyancy_NOUN')",4
13706,"('clear_ADJ', 'conscience_NOUN')",4
3550,"('public_ADJ', 'moment_NOUN')",4
13682,"('never_ADJ', 'mind_NOUN')",4
13677,"('deadly_ADJ', 'peril_NOUN')",4
13748,"('young_ADJ', 'Biffle_NOUN')",4
13760,"('erroneous_ADJ', 'impression_NOUN')",4
13717,"('little_ADJ', 'good_ADJ')",4
14024,"('cold_ADJ', 'day_NOUN')",4
14028,"('dar_ADJ', 'say_NOUN')",4
14001,"('shadowy_ADJ', 'pipe_NOUN')",4
14007,"('surprising_ADJ', 'part_NOUN')",4
14008,"('whole_ADJ', 'thing_NOUN')",4
14091,"('organ_ADJ', 'grinder_NOUN')",4
14096,"('poor_ADJ', 'boy_NOUN')",4
3195,"('good_ADJ', 'old_ADJ')",4
13896,"('slippery_ADJ', 'candle_NOUN')",4
3183,"('outer_NOUN', 'court_NOUN')",4
13979,"('similar_ADJ', 'circumstance_NOUN')",4
13987,"('ghost_NOUN', 'clear_ADJ')",4
13966,"('easy_ADJ', 'chair_NOUN')",4
13345,"('true_ADJ', 'story_NOUN')",4
13349,"('person_NOUN', 'sitting_NOUN')",4
13298,"('warning_NOUN', 'hand_NOUN')",4
13399,"('modern_ADJ', '-day_ADJ')",4
13400,"('-day_ADJ', 'author_NOUN')",4
13402,"('strong_ADJ', 'objection_NOUN')",4
13407,"('literary_ADJ', 'man_NOUN')",4
13409,"('new_ADJ', 'school_NOUN')",4
13413,"('praiseworthy_ADJ', 'yearn_NOUN')",4
13384,"('English_ADJ', 'history_NOUN')",4
13214,"('low_ADJ', 'impressive_ADJ')",4
13215,"('impressive_ADJ', 'tone_NOUN')",4
13207,"('barrel_NOUN', 'organ_NOUN')",4
13192,"('lonely_ADJ', 'grave_NOUN')",4
13195,"('unknown_ADJ', 'stranger_NOUN')",4
13275,"('strangle_ADJ', 'harpist_ADJ')",4
13276,"('harpist_ADJ', 'play_NOUN')",4
13282,"('ghostly_ADJ', 'toe_NOUN')",4
13284,"('broken_ADJ', 'harp_NOUN')",4
13291,"('sleeping_NOUN', 'apartment_NOUN')",4
13262,"('solo_ADJ', 'cornet_NOUN')",4
13239,"('cock_ADJ', 'crow_NOUN')",4
13250,"('ghostly_ADJ', 'sound_NOUN')",4
13253,"('horrid_NOUN', 'blow_NOUN')",4
13257,"('phantom_ADJ', 'fight_NOUN')",4
13631,"('unjust_ADJ', 'aspersion_NOUN')",4
13640,"('right_ADJ', 'motive_NOUN')",4
13648,"('usual_ADJ', 'repugnance_NOUN')",4
13610,"('dignified_ADJ', 'narration_NOUN')",4
13609,"('simple_NOUN', 'dignified_ADJ')",4
13622,"('chief_NOUN', 'object_NOUN')",4
13446,"('people_NOUN', 'grumble_ADJ')",4
13431,"('tell_ADJ', 'carry_ADJ')",4
13426,"('slightest_ADJ', 'degree_NOUN')",4
13427,"('degree_NOUN', 'egotistical_ADJ')",4
13436,"('shrinking_ADJ', 'reticence_NOUN')",4
13518,"('moral_ADJ', 'story_NOUN')",4
13533,"('retiring_NOUN', 'anti-egotistical_ADJ')",4
13534,"('anti-egotistical_ADJ', 'nature_NOUN')",4
3815,"('father_NOUN', 'Ulyss_NOUN')",4
13491,"('culture_ADJ', 'portion_NOUN')",4
13499,"('bad_ADJ', 'example_NOUN')",4
13502,"('younger_ADJ', 'man_NOUN')",4
15831,"('form_NOUN', 'section_NOUN')",3
3534,"('host_NOUN', 'approaching_NOUN')",2
3633,"('great_ADJ', 'misfortune_NOUN')",2
3607,"('got_ADJ', 'wind_NOUN')",2
3569,"('good_ADJ', 'omen_NOUN')",2
3581,"('good_ADJ', 'herald_NOUN')",2
3496,"('speech_NOUN', 'man_NOUN')",2
3410,"('divine_ADJ', 'comeliness_NOUN')",2
3427,"('oldest_ADJ', 'councillor_NOUN')",2
3377,"('crier_NOUN', 'round_NOUN')",2
3466,"('last_ADJ', 'dinner_NOUN')",2
3469,"('son_NOUN', 'leave_ADJ')",2
3439,"('infinite_ADJ', 'experience_NOUN')",2
3454,"('noble_ADJ', 'steed_NOUN')",2
3640,"('excellent_ADJ', 'father_NOUN')",2
3779,"('public_ADJ', 'opinion_NOUN')",2
3786,"('heaven_NOUN', 'lest_ADJ')",2
3845,"('eating_ADJ', 'yourselve_NOUN')",2
3667,"('chief_NOUN', 'man_NOUN')",2
3664,"('utter_ADJ', 'ruin_NOUN')",2
3706,"('oxen_NOUN', 'sheep_NOUN')",2
3708,"('fat_ADJ', 'goat_NOUN')",2
2972,"('god_NOUN', 'willing_NOUN')",2
2980,"('worst_ADJ', 'fate_NOUN')",2
2988,"('bad_ADJ', 'thing_NOUN')",2
3004,"('many_ADJ', 'great_ADJ')",2
3005,"('great_ADJ', 'man_NOUN')",2
2818,"('dear_ADJ', 'husband_NOUN')",2
2819,"('husband_NOUN', 'till_NOUN')",2
2823,"('sweet_ADJ', 'sleep_NOUN')",2
2770,"('daily_ADJ', 'duty_NOUN')",2
2866,"('divine_ADJ', 'voice_NOUN')",2
2873,"('morning_ADJ', 'meet_NOUN')",2
2877,"('full_ADJ', 'assembly_NOUN')",2
2883,"('formal_ADJ', 'notice_NOUN')",2
2892,"('house_NOUN', 'turn_NOUN')",2
2859,"('rare_NOUN', 'thing_NOUN')",2
2832,"('covered_ADJ', 'cloister_NOUN')",2
2840,"('bed_NOUN', 'fellow_NOUN')",2
2848,"('insolent_ADJ', 'suitor_NOUN')",2
3063,"('good_ADJ', 'fellow_NOUN')",2
3276,"('bed_NOUN', 'room_NOUN')",2
3231,"('much_ADJ', 'respect_NOUN')",2
3239,"('wedded_ADJ', 'wife_NOUN')",2
3302,"('bed_NOUN', 'side_NOUN')",2
3361,"('comely_ADJ', 'foot_NOUN')",2
3334,"('intended_ADJ', 'voyage_NOUN')",2
3311,"('silver_NOUN', 'catch_NOUN')",2
3316,"('bolt_ADJ', 'home_NOUN')",2
3326,"('woollen_ADJ', 'fleece_NOUN')",2
3115,"('rumour_NOUN', 'reach_NOUN')",2
3208,"('blazing_ADJ', 'torch_NOUN')",2
3209,"('torch_NOUN', 'Laertes_NOUN')",2
4605,"('fine_ADJ', 'speech_NOUN')",2
4570,"('heavy_ADJ', 'fine_NOUN')",2
4659,"('rare_NOUN', 'perfection_NOUN')",2
4637,"('mother_ADJ', 'leave_NOUN')",2
4493,"('mean_NOUN', 'anything_NOUN')",2
4494,"('anything_NOUN', 'Ulysse_NOUN')",2
4498,"('far_ADJ', 'country_NOUN')",2
4445,"('much_ADJ', 'hardship_NOUN')",2
4454,"('twentieth_NOUN', 'year_NOUN')",2
4459,"('Eurymachus_ADJ', 'son_NOUN')",2
4548,"('first_ADJ', 'place_NOUN')",2
4882,"('small_ADJ', 'cause_NOUN')",2
4827,"('scandalous_ADJ', 'going_NOUN')",2
4852,"('hard_ADJ', 'thing_NOUN')",2
4951,"('sea_NOUN', 'side_NOUN')",2
4895,"('great_ADJ', 'odd_NOUN')",2
4745,"('full_ADJ', 'authority_NOUN')",2
4697,"('story_NOUN', 'give_ADJ')",2
4712,"('heaven_ADJ', 'sent_NOUN')",2
4713,"('sent_NOUN', 'message_NOUN')",2
4810,"('high_ADJ', 'hand_NOUN')",2
4060,"('time_NOUN', 'wore_ADJ')",2
4066,"('fourth_ADJ', 'year_NOUN')",2
4146,"('famous_ADJ', 'women_NOUN')",2
4033,"('great_ADJ', 'web_NOUN')",2
3961,"('great_ADJ', 'tambour_NOUN')",2
3962,"('tambour_NOUN', 'frome_NOUN')",2
3967,"('enormous_ADJ', 'piece_NOUN')",2
3905,"('insolent_ADJ', 'braggart_NOUN')",2
3923,"('artful_ADJ', 'woman_NOUN')",2
3970,"('fine_ADJ', 'needlework_NOUN')",2
3991,"('needlework_NOUN', 'perish_NOUN')",2
3992,"('perish_NOUN', 'unrecorded_ADJ')",2
3993,"('unrecorded_ADJ', 'till_NOUN')",2
4358,"('best_ADJ', 'prophet_NOUN')",2
4306,"('lordly_ADJ', 'flight_NOUN')",2
4323,"('glar_NOUN', 'death_NOUN')",2
4399,"('many_ADJ', 'another_NOUN')",2
4283,"('cost_NOUN', 'turn_NOUN')",2
4300,"('wind_NOUN', 'sailing_ADJ')",2
4301,"('sailing_ADJ', 'side_NOUN')",2
4268,"('creditable_ADJ', 'thing_NOUN')",2
942,"('wet_NOUN', 'sponge_NOUN')",2
889,"('bronze_ADJ', 'spear_NOUN')",2
898,"('lordly_ADJ', 'suitor_NOUN')",2
953,"('great_ADJ', 'quantity_NOUN')",2
1022,"('right_ADJ', 'hand_NOUN')",2
862,"('topmost_ADJ', 'summit_NOUN')",2
866,"('whereon_NOUN', 'forthwith_NOUN')",2
819,"('sandal_NOUN', 'imperishable_ADJ')",2
836,"('redoubtable_ADJ', 'bronze_ADJ')",2
837,"('bronze_ADJ', 'shod_NOUN')",2
838,"('shod_NOUN', 'spear_NOUN')",2
1222,"('hand_NOUN', 'maid_NOUN')",2
1227,"('bread_ADJ', 'basket_NOUN')",2
1228,"('basket_NOUN', 'page_NOUN')",2
1264,"('crown_ADJ', 'embellishment_NOUN')",2
1300,"('head_NOUN', 'close_NOUN')",2
1366,"('longer_ADJ', 'leg_NOUN')",2
1371,"('longer_ADJ', 'purse_NOUN')",2
1343,"('lie_ADJ', 'rotting_NOUN')",2
1069,"('spear_NOUN', 'stand_NOUN')",2
1073,"('strong_ADJ', 'bearing_NOUN')",2
1197,"('servant_NOUN', 'brink_NOUN')",2
1161,"('clean_ADJ', 'table_NOUN')",2
1166,"('upper_ADJ', 'servant_NOUN')",2
1173,"('many_ADJ', 'good_ADJ')",2
1189,"('set_NOUN', 'cup_NOUN')",2
1144,"('beautiful_ADJ', 'golden_ADJ')",2
1145,"('golden_ADJ', 'ewer_NOUN')",2
189,"('large_ADJ', 'cave_NOUN')",2
328,"('son_NOUN', 'Orestes_NOUN')",2
44,"('ingenious_ADJ', 'hero_NOUN')",2
56,"('famous_ADJ', 'town_NOUN')",2
120,"('Sun-god_ADJ', 'Hyperion_NOUN')",2
142,"('whatsoever_ADJ', 'source_NOUN')",2
94,"('man_NOUN', 'safely_ADJ')",2
95,"('safely_ADJ', 'home_NOUN')",2
613,"('capable_ADJ', 'man_NOUN')",2
665,"('kill_ADJ', 'Ulysse_NOUN')",2
647,"('Polyphemus_ADJ', 'king_NOUN')",2
661,"('sea-k_ADJ', 'Phorcy_NOUN')",2
437,"('Aegisthus_ADJ', 'right_NOUN')",2
517,"('earth_ADJ', 'asunder_NOUN')",2
523,"('got_ADJ', 'hold_NOUN')",2
526,"('poor_ADJ', 'unhappy_ADJ')",2
527,"('unhappy_ADJ', 'Ulyss_NOUN')",2
529,"('keep_ADJ', 'try_NOUN')",2
511,"('great_ADJ', 'column_NOUN')",2
495,"('goddess_NOUN', 'live_NOUN')",2
1384,"('ill_ADJ', 'fate_NOUN')",2
2359,"('murderer_NOUN', 'Aegisthus_ADJ')",2
2330,"('fair_ADJ', 'mean_NOUN')",2
2445,"('way_NOUN', 'rejoicing_NOUN')",2
2451,"('great_ADJ', 'beauty_NOUN')",2
2460,"('dear_ADJ', 'friend_NOUN')",2
2428,"('little_ADJ', 'longer_NOUN')",2
2429,"('longer_NOUN', 'till_NOUN')",2
2113,"('short_ADJ', 'shrift_NOUN')",2
2116,"('sorry_ADJ', 'wedding_NOUN')",2
2096,"('father_NOUN', 'let_NOUN')",2
2078,"('beg_ADJ', 'poison_NOUN')",2
2091,"('living_ADJ', 'god_NOUN')",2
2150,"('Achaean_ADJ', 'heroe_NOUN')",2
2216,"('best_ADJ', 'ship_NOUN')",2
2249,"('-sent_ADJ', 'message_NOUN')",2
2688,"('middle_NOUN', 'Argo_NOUN')",2
2694,"('bard_ADJ', 'sing_NOUN')",2
2666,"('sorrowful_ADJ', 'heart_NOUN')",2
2671,"('lost_ADJ', 'husband_NOUN')",2
2739,"('latest_ADJ', 'song_NOUN')",2
2720,"('good_ADJ', 'pleasure_NOUN')",2
2524,"('Telemachus_ADJ', 'courage_NOUN')",2
2504,"('less_ADJ', 'value_NOUN')",2
2607,"('bearing_NOUN', 'post_NOUN')",2
2583,"('room_NOUN', 'upstair_NOUN')",2
2588,"('great_ADJ', 'staircase_NOUN')",2
1626,"('mid_ADJ', 'ocean_NOUN')",2
1688,"('fine_ADJ', 'looking_ADJ')",2
1473,"('many_ADJ', 'visitor_NOUN')",2
1545,"('wood_ADJ', 'mountain_ADJ')",2
1546,"('mountain_ADJ', 'Neritum_NOUN')",2
1555,"('old_ADJ', 'Laerte_NOUN')",2
1512,"('foreign_ADJ', 'tongue_NOUN')",2
1526,"('back_ADJ', 'copper_NOUN')",2
1738,"('wise_NOUN', 'child_NOUN')",2
1971,"('woodland_NOUN', 'island_NOUN')",2
1943,"('matter_NOUN', 'end_NOUN')",2
1919,"('storm_NOUN', 'wind_NOUN')",2
1934,"('trace_NOUN', 'behind_NOUN')",2
1978,"('principal_ADJ', 'man_NOUN')",2
2031,"('want_ADJ', 'Ulysse_NOUN')",2
2036,"('helmet_NOUN', 'shield_NOUN')",2
2039,"('couple_ADJ', 'lance_NOUN')",2
1996,"('point_ADJ', 'blank_NOUN')",2
1781,"('fine_ADJ', 'son_NOUN')",2
1873,"('mortal_ADJ', 'man_NOUN')",2
1836,"('respectable_ADJ', 'person_NOUN')",2
4955,"('grey_ADJ', 'wave_NOUN')",2
7537,"('good_ADJ', 'term_NOUN')",2
7551,"('painless_NOUN', 'shaft_NOUN')",2
7517,"('many_ADJ', 'burnt_ADJ')",2
7520,"('many_ADJ', 'temple_NOUN')",2
7605,"('Malean_ADJ', 'head_NOUN')",2
7570,"('rough_ADJ', 'weather_NOUN')",2
7499,"('desert_NOUN', 'island_NOUN')",2
7400,"('Aegisthus_ADJ', 'take_NOUN')",2
7401,"('take_NOUN', 'heart_NOUN')",2
7403,"('kill_ADJ', 'Agamemnon_NOUN')",2
7473,"('natural_ADJ', 'disposition_NOUN')",2
7482,"('strict_ADJ', 'order_NOUN')",2
7472,"('good_ADJ', 'natural_ADJ')",2
7446,"('great_ADJ', 'wickedness_NOUN')",2
7465,"('incessant_ADJ', 'flattery_NOUN')",2
7470,"('wicked_ADJ', 'scheme_NOUN')",2
7751,"('Menelaus_ADJ', 'came_NOUN')",2
7752,"('came_NOUN', 'home_NOUN')",2
7743,"('false_ADJ', 'aegisthus_NOUN')",2
7728,"('eighth_ADJ', 'year_NOUN')",2
7798,"('distant_ADJ', 'people_NOUN')",2
7773,"('dangerous_ADJ', 'people_NOUN')",2
7638,"('high_ADJ', 'headland_NOUN')",2
7639,"('headland_NOUN', 'hereabout_NOUN')",2
7635,"('river_NOUN', 'Iardanus_ADJ')",2
7614,"('hard_ADJ', 'till_NOUN')",2
7616,"('wave_NOUN', 'ran_ADJ')",2
7617,"('ran_ADJ', 'mountain_NOUN')",2
7630,"('Cydonians_NOUN', 'dwell_ADJ')",2
7631,"('dwell_ADJ', 'round_NOUN')",2
7662,"('south_ADJ', 'wind_NOUN')",2
7714,"('evil_ADJ', 'deed_NOUN')",2
7701,"('much_ADJ', 'gold_NOUN')",2
7706,"('alien_ADJ', 'speech_NOUN')",2
7672,"('small_ADJ', 'headland_NOUN')",2
7675,"('great_ADJ', 'shelter_NOUN')",2
7091,"('fearful_ADJ', 'reckoning_NOUN')",2
7069,"('safe_ADJ', 'home_NOUN')",2
7056,"('valiant_ADJ', 'son_NOUN')",2
7150,"('wicked_ADJ', 'suitor_NOUN')",2
7102,"('son_ADJ', 'behind_NOUN')",2
7121,"('story_NOUN', 'Nestor_ADJ')",2
7122,"('Nestor_ADJ', 'son_NOUN')",2
6965,"('open_ADJ', 'sea_NOUN')",2
6972,"('wind_NOUN', 'sprang_NOUN')",2
6979,"('quick_ADJ', 'passage_NOUN')",2
6942,"('stormy_NOUN', 'headland_NOUN')",2
7021,"('dear_ADJ', 'young_ADJ')",2
7026,"('hearing_NOUN', 'anything_NOUN')",2
7035,"('duty_NOUN', 'bound_NOUN')",2
6987,"('many_ADJ', 'sacrifice_NOUN')",2
7283,"('long_ADJ', 'arm_NOUN')",2
7382,"('come_ADJ', 'false_NOUN')",2
7273,"('good_ADJ', 'fortune_NOUN')",2
7195,"('public_ADJ', 'feeling_NOUN')",2
7184,"('many_ADJ', 'suitor_NOUN')",2
7239,"('good_ADJ', 'care_NOUN')",2
8443,"('meal_NOUN', 'sturdy_NOUN')",2
8449,"('sharp_NOUN', 'axe_NOUN')",2
8450,"('axe_NOUN', 'ready_ADJ')",2
8434,"('flower_ADJ', 'pattern_NOUN')",2
8501,"('venerable_ADJ', 'wife_NOUN')",2
8505,"('eldest_ADJ', 'daughter_NOUN')",2
8474,"('meal_ADJ', 'Thrasymede_NOUN')",2
8303,"('great_ADJ', 'goddess_NOUN')",2
8389,"('crew_ADJ', 'come_NOUN')",2
8395,"('anvil_NOUN', 'hammer_NOUN')",2
8381,"('several_ADJ', 'errand_NOUN')",2
8367,"('burnt_ADJ', 'offering_NOUN')",2
8375,"('clear_ADJ', 'spring_NOUN')",2
8376,"('spring_NOUN', 'water_NOUN')",2
8673,"('nothing_NOUN', 'loth_ADJ')",2
8676,"('high_ADJ', 'citadel_NOUN')",2
8645,"('fleet_ADJ', 'horse_NOUN')",2
8651,"('bread_NOUN', 'wine_NOUN')",2
8727,"('corn_ADJ', 'land_NOUN')",2
8742,"('low_ADJ', 'ly_ADJ')",2
8743,"('ly_ADJ', 'city_NOUN')",2
8722,"('nothing_NOUN', 'loth_NOUN')",2
8719,"('echoing_ADJ', 'gatehouse_NOUN')",2
8553,"('man_NOUN', 'stood_NOUN')",2
8557,"('pronge_ADJ', 'spit_NOUN')",2
8541,"('raw_NOUN', 'meat_NOUN')",2
8547,"('wood_NOUN', 'fire_NOUN')",2
8549,"('poure_ADJ', 'wine_NOUN')",2
8620,"('worthy_ADJ', 'henchman_NOUN')",2
8585,"('yogist_ADJ', 'daughter_NOUN')",2
8597,"('fair_ADJ', 'mantle_NOUN')",2
8004,"('open_ADJ', 'house_NOUN')",2
7987,"('friend_NOUN', 'Ulyss_NOUN')",2
7969,"('comfortable_ADJ', 'bed_NOUN')",2
8026,"('good_ADJ', 'heart_NOUN')",2
8030,"('older_ADJ', 'person_NOUN')",2
7881,"('drink_ADJ', 'offering_NOUN')",2
7857,"('sun_ADJ', 'set_NOUN')",2
7852,"('Menelaus_ADJ', 'life_NOUN')",2
7853,"('life_NOUN', 'Beg_NOUN')",2
7888,"('time_NOUN', 'people_NOUN')",2
7895,"('late_ADJ', 'hours_NOUN')",2
7899,"('religious_ADJ', 'festival_NOUN')",2
7905,"('say_NOUN', 'man_NOUN')",2
8221,"('unmarried_ADJ', 'son_NOUN')",2
8227,"('inner_ADJ', 'room_NOUN')",2
8075,"('fleetest_ADJ', 'horse_NOUN')",2
8245,"('polish_ADJ', 'marble_NOUN')",2
8280,"('sixth_ADJ', 'son_NOUN')",2
8250,"('aforetime_ADJ', 'sat_NOUN')",2
8260,"('seat_NOUN', 'sceptre_NOUN')",2
8265,"('public_ADJ', 'weal_NOUN')",2
8113,"('redoubtable_ADJ', 'daughter_NOUN')",2
8094,"('great_ADJ', 'hero_NOUN')",2
8125,"('Argive_NOUN', 'Holy_ADJ')",2
8184,"('sweet_ADJ', 'wine_NOUN')",2
8134,"('good_ADJ', 'wife_NOUN')",2
8146,"('old_ADJ', 'unbroken_ADJ')",2
5613,"('twelve_ADJ', 'day_NOUN')",2
5591,"('bar_ADJ', 'ocean_NOUN')",2
5592,"('ocean_NOUN', 'fear_ADJ')",2
5479,"('case_NOUN', 'poor_ADJ')",2
5471,"('best_ADJ', 'wine_NOUN')",2
5554,"('poor_ADJ', 'father_NOUN')",2
5556,"('foreign_ADJ', 'country_NOUN')",2
5557,"('country_NOUN', 'nobody_NOUN')",2
5534,"('dear_ADJ', 'child_NOUN')",2
5451,"('old_ADJ', 'house_NOUN')",2
5873,"('white_ADJ', 'sail_NOUN')",2
5861,"('cross_NOUN', 'plank_NOUN')",2
5841,"('blue_NOUN', 'wave_NOUN')",2
5850,"('hoist_ADJ', 'sail_NOUN')",2
5932,"('dark_ADJ', 'till_NOUN')",2
5933,"('till_NOUN', 'dawn_NOUN')",2
5941,"('fair_ADJ', 'sea_NOUN')",2
5891,"('blue_NOUN', 'water_NOUN')",2
5739,"('eye_NOUN', 'heavy_NOUN')",2
5717,"('deep_ADJ', 'slumber_NOUN')",2
5822,"('Telemachus_ADJ', 'sat_NOUN')",2
5789,"('water_NOUN', 'side_NOUN')",2
5452,"('house_NOUN', 'keep_NOUN')",2
5450,"('faithful_ADJ', 'old_ADJ')",2
5129,"('provision_NOUN', 'ready_ADJ')",2
5081,"('common_ADJ', 'cause_NOUN')",2
5188,"('goddess_NOUN', 'tell_NOUN')",2
5198,"('court_NOUN', 'Antinous_ADJ')",2
5207,"('fine_ADJ', 'fire_NOUN')",2
5211,"('ill_ADJ', 'blood_NOUN')",2
5047,"('good_ADJ', 'man_NOUN')",2
5042,"('succeeding_NOUN', 'Son_NOUN')",2
5386,"('spacious_ADJ', 'store_NOUN')",2
5352,"('board_ADJ', 'ship_NOUN')",2
5422,"('ripen_ADJ', 'wine_NOUN')",2
5435,"('case_NOUN', 'Ulyss_NOUN')",2
5404,"('spare_NOUN', 'clothe_NOUN')",2
5408,"('open_ADJ', 'chest_NOUN')",2
5415,"('fragrant_ADJ', 'olive_ADJ')",2
5416,"('olive_ADJ', 'oil_NOUN')",2
5253,"('good_ADJ', 'property_NOUN')",2
5236,"('father_NOUN', 'Antinous_ADJ')",2
5305,"('dinner_NOUN', 'ready_ADJ')",2
5282,"('though_NOUN', 'thank_NOUN')",2
6615,"('homeward_ADJ', 'weary_NOUN')",2
6623,"('long_ADJ', 'year_NOUN')",2
6584,"('fight_ADJ', 'valiant_NOUN')",2
6592,"('mortal_ADJ', 'tongue_NOUN')",2
6597,"('whole_ADJ', 'story_NOUN')",2
6658,"('different_ADJ', 'age_NOUN')",2
6575,"('dear_NOUN', 'son_NOUN')",2
6497,"('man_ADJ', 'bear_NOUN')",2
6511,"('father_NOUN', 'Ulysse_NOUN')",2
6515,"('loyal_ADJ', 'service_NOUN')",2
6482,"('melancholy_NOUN', 'end_NOUN')",2
6547,"('brave_ADJ', 'Achaean_NOUN')",2
6558,"('great_ADJ', 'city_NOUN')",2
6560,"('k_ADJ', 'Priam_NOUN')",2
6563,"('best_ADJ', 'man_NOUN')",2
6542,"('much_ADJ', 'sorrow_NOUN')",2
6870,"('home_NOUN', 'cruel_ADJ')",2
6879,"('second_ADJ', 'quarrel_NOUN')",2
6702,"('see_ADJ', 'fit_NOUN')",2
6708,"('homeward_NOUN', 'voyage_NOUN')",2
6718,"('many_ADJ', 'came_NOUN')",2
6798,"('hard_ADJ', 'word_NOUN')",2
6799,"('word_NOUN', 'whereon_NOUN')",2
6128,"('company_NOUN', 'round_NOUN')",2
6132,"('dinner_NOUN', 'ready_NOUN')",2
6184,"('golden_ADJ', 'cup_NOUN')",2
6195,"('prayer_NOUN', 'sir_NOUN')",2
6173,"('brother_ADJ', 'Thrasymede_NOUN')",2
6154,"('place_NOUN', 'Nestor_NOUN')",2
6165,"('soft_ADJ', 'sheepskin_NOUN')",2
5963,"('sea_NOUN', 'shore_ADJ')",2
5969,"('black_ADJ', 'bull_NOUN')",2
6396,"('good_ADJ', 'name_NOUN')",2
6419,"('public_ADJ', 'import_NOUN')",2
6269,"('earth_NOUN', 'vouchsafe_NOUN')",2
6299,"('handsome_NOUN', 'return_NOUN')",2
6302,"('goodly_ADJ', 'hecatomb_NOUN')",2
6312,"('happy_ADJ', 'issue_NOUN')",2
6276,"('thy_ADJ', 'servant_NOUN')",2
