,bigram,freq
4384,"('heart_NOUN', 'attack_NOUN')",58
5276,"('mrs_NOUN', 'Sommer_NOUN')",40
4489,"('heart_NOUN', 'disease_NOUN')",30
1234,"('little_ADJ', 'bit_NOUN')",18
4981,"('cardiovascular_ADJ', 'disease_NOUN')",16
2666,"('year_NOUN', 'old_ADJ')",15
4006,"('new_ADJ', 'York_NOUN')",12
6423,"('video_NOUN', 'game_NOUN')",12
5404,"('new_ADJ', 'stocking_NOUN')",12
4499,"('small_ADJ', 'amount_NOUN')",12
4437,"('second_ADJ', 'hand_NOUN')",12
14930,"('high_ADJ', 'heel_NOUN')",11
5034,"('new_ADJ', 'study_NOUN')",10
4166,"('space_NOUN', 'station_NOUN')",9
1342,"('product_NOUN', 'design_NOUN')",9
120,"('th_ADJ', 'century_NOUN')",9
260,"('first_ADJ', 'time_NOUN')",9
2566,"('animal_ADJ', 'specy_NOUN')",9
4661,"('health_NOUN', 'organization_NOUN')",9
1313,"('structural_ADJ', 'steel_NOUN')",9
407,"('ideal_ADJ', 'form_NOUN')",9
3334,"('many_ADJ', 'many_ADJ')",9
4438,"('hand_NOUN', 'smoke_NOUN')",8
5862,"('new_ADJ', 'boot_NOUN')",8
6370,"('cable_ADJ', 'car_NOUN')",8
6111,"('small_ADJ', 'table_NOUN')",8
6085,"('table_ADJ', 'cloth_NOUN')",8
5418,"('old_ADJ', 'stocking_NOUN')",8
5670,"('shop_NOUN', 'girl_NOUN')",8
6512,"('Conspiracy_NOUN', 'code_NOUN')",8
4920,"('small_ADJ', 'square_NOUN')",8
4993,"('high_ADJ', 'blood_NOUN')",8
4994,"('blood_NOUN', 'pressure_NOUN')",8
2627,"('big_ADJ', 'challenge_NOUN')",7
2001,"('large_ADJ', 'scale_NOUN')",7
2928,"('many_ADJ', 'thing_NOUN')",7
483,"('long_ADJ', 'time_NOUN')",7
4325,"('solar_ADJ', 'system_NOUN')",6
704,"('digital_ADJ', 'medium_NOUN')",6
2705,"('bloop_NOUN', 'bloop_NOUN')",6
2724,"('bloop_ADJ', 'bloop_NOUN')",6
2746,"('stupy_ADJ', 'bacteria_NOUN')",6
2778,"('super_NOUN', 'monkey_NOUN')",6
2641,"('big_ADJ', 'image_NOUN')",6
2478,"('fantastic_ADJ', 'designer_NOUN')",6
2419,"('cynical_ADJ', 'design_NOUN')",6
2060,"('monolithic_ADJ', 'mass_NOUN')",6
2122,"('young_ADJ', 'people_NOUN')",6
2167,"('decorative_ADJ', 'effect_NOUN')",6
653,"('whole_ADJ', 'idea_NOUN')",6
2025,"('single_ADJ', 'system_NOUN')",6
108,"('decimal_ADJ', 'point_NOUN')",6
2383,"('toilet_NOUN', 'brush_NOUN')",6
2412,"('different_ADJ', 'type_NOUN')",6
193,"('natural_ADJ', 'form_NOUN')",6
1522,"('tea_NOUN', 'set_NOUN')",6
457,"('generic_ADJ', 'form_NOUN')",6
3535,"('new_ADJ', 'story_NOUN')",6
3537,"('new_ADJ', 'poetry_NOUN')",6
3596,"('best_ADJ', 'tool_NOUN')",6
3658,"('bit_NOUN', 'easier_ADJ')",6
3844,"('nineteenth_ADJ', 'century_NOUN')",6
4105,"('nineteen_ADJ', 'sixty_NOUN')",6
284,"('structural_ADJ', 'force_NOUN')",6
1621,"('housing_NOUN', 'project_NOUN')",6
3119,"('good_ADJ', 'mutant_NOUN')",6
4696,"('increased_ADJ', 'risk_NOUN')",5
5210,"('American_ADJ', 'medical_ADJ')",5
5211,"('medical_ADJ', 'association_NOUN')",5
5608,"('young_ADJ', 'girl_NOUN')",5
4415,"('new_ADJ', 'research_NOUN')",5
6431,"('“I_ADJ', '’m_NOUN')",5
5442,"('“better_ADJ', 'day_NOUN')",4
5460,"('younger_ADJ', 'day_NOUN')",4
5423,"('little_ADJ', 'family_NOUN')",4
5388,"('new_ADJ', 'shirt_NOUN')",4
5379,"('deal_ADJ', 'longer_NOUN')",4
5378,"('great_ADJ', 'deal_ADJ')",4
5516,"('light_ADJ', 'meal—no_NOUN')",4
5547,"('empty_NOUN', 'counter_NOUN')",4
5542,"('department_NOUN', 'store_NOUN')",4
5541,"('large_ADJ', 'department_NOUN')",4
5483,"('reduced_ADJ', 'price_NOUN')",4
5473,"('energy_NOUN', 'mrs_NOUN')",4
5511,"('bit_NOUN', 'weak_NOUN')",4
3282,"('different_ADJ', 'part_NOUN')",4
5242,"('growth_NOUN', 'rates_NOUN')",4
5241,"('current_ADJ', 'growth_NOUN')",4
5238,"('income_NOUN', 'country_NOUN')",4
5237,"('middle_ADJ', 'income_NOUN')",4
3563,"('beautiful_ADJ', 'thing_NOUN')",4
5266,"('Kate_ADJ', 'Chopin_NOUN')",4
5197,"('C-reactive_ADJ', 'protein_NOUN')",4
5207,"('first_ADJ', 'issue_NOUN')",4
5272,"('story_NOUN', 'part_NOUN')",4
5329,"('dreamy_ADJ', 'state_NOUN')",4
5350,"('quiet_ADJ', 'hour_NOUN')",4
5292,"('large_ADJ', 'amount_NOUN')",4
5283,"('unexpect_ADJ', 'owner_NOUN')",4
5275,"('little_ADJ', 'mrs_NOUN')",4
5301,"('money_NOUN', 'holder_NOUN')",4
5300,"('worn_ADJ', 'money_NOUN')",4
5830,"('shoe_NOUN', 'department_NOUN')",4
5825,"('bag_NOUN', 'part_NOUN')",4
5817,"('shoe_NOUN', 'back_ADJ')",4
5852,"('old_ADJ', 'shoe_NOUN')",4
5851,"('worn_NOUN', 'old_ADJ')",4
4478,"('principal_ADJ', 'author_NOUN')",4
5839,"('shoe_NOUN', 'salesman_NOUN')",4
5838,"('young_ADJ', 'shoe_NOUN')",4
5778,"('like_NOUN', 'force_NOUN')",4
5777,"('machine_NOUN', 'like_NOUN')",4
5766,"('tiring_NOUN', 'act_NOUN')",4
5802,"('soft_ADJ', 'chair_NOUN')",4
5856,"('beautiful_NOUN', 'new_ADJ')",4
5924,"('mrs_NOUN', 'Sommers_NOUN')",4
5920,"('glove_NOUN', 'department_NOUN')",4
5951,"('young_ADJ', 'shop_NOUN')",4
5881,"('point_ADJ', 'boot_NOUN')",4
5880,"('shiny_NOUN', 'point_ADJ')",4
5903,"('stylish_ADJ', 'fit_NOUN')",4
5895,"('young_ADJ', 'salesman_NOUN')",4
5632,"('diamond_ADJ', 'jewelry_NOUN')",4
5623,"('leg_ADJ', 'covering_NOUN')",4
5622,"('silky_ADJ', 'leg_ADJ')",4
5660,"('red_ADJ', 'mark_NOUN')",4
5655,"('light_ADJ', 'shine_NOUN')",4
5644,"('costly_ADJ', 'item_NOUN')",4
5643,"('soft_NOUN', 'costly_ADJ')",4
5562,"('busy_ADJ', 'shopper_NOUN')",4
5596,"('silk_NOUN', 'stocking_NOUN')",4
5590,"('hand_NOUN', 'lay_NOUN')",4
5757,"('silk_NOUN', 'one_NOUN')",4
5732,"('bag_NOUN', 'mrs_NOUN')",4
5731,"('shopping_NOUN', 'bag_NOUN')",4
5730,"('old_ADJ', 'shopping_NOUN')",4
5729,"('worn_ADJ', 'old_ADJ')",4
5725,"('small_ADJ', 'box_NOUN')",4
5713,"('dollar_ADJ', 'bill_NOUN')",4
5756,"('new_ADJ', 'silk_NOUN')",4
5754,"('cotton_ADJ', 'stocking_NOUN')",4
5749,"('empty_NOUN', 'corner_NOUN')",4
5747,"('rest_NOUN', 'area_NOUN')",4
5741,"('upper_ADJ', 'floor_NOUN')",4
5681,"('great_ADJ', 'number_NOUN')",4
5675,"('size_NOUN', 'eight_NOUN')",4
5686,"('size_NOUN', 'mrs_NOUN')",4
5690,"('black_ADJ', 'pair_NOUN')",4
4638,"('ban_NOUN', 'fewer_NOUN')",4
4671,"('second_NOUN', 'study_NOUN')",4
4652,"('attack_NOUN', 'rate_NOUN')",4
4597,"('impossible_ADJ', '“most_ADJ')",4
4593,"('researcher_NOUN', 'say_NOUN')",4
4579,"('ban_NOUN', 'critic_NOUN')",4
4574,"('myocardial_ADJ', 'infraction_NOUN')",4
4598,"('“most_ADJ', 'people_NOUN')",4
4619,"('advisory_ADJ', 'group_NOUN')",4
4610,"('attack_NOUN', 'Dr_NOUN')",4
4609,"('first_ADJ', 'heart_NOUN')",4
4676,"('tobacco_NOUN', 'smoke_NOUN')",4
4741,"('straw_ADJ', 'wood_NOUN')",4
4740,"('cloth_NOUN', 'straw_ADJ')",4
4733,"('thousand_NOUN', 'year_NOUN')",4
4727,"('paper_NOUN', 'make_NOUN')",4
4726,"('modern_ADJ', 'paper_NOUN')",4
4725,"('plant_NOUN', 'modern_ADJ')",4
4748,"('raw_NOUN', 'material_NOUN')",4
4724,"('papyrus_ADJ', 'plant_NOUN')",4
4682,"('tobacco_ADJ', 'user_NOUN')",4
4719,"('day_NOUN', 'paper_NOUN')",4
4704,"('making_NOUN', 'paper_NOUN')",4
4701,"('earliest_ADJ', 'process_NOUN')",4
4570,"('consistent_ADJ', 'reduction_NOUN')",4
4387,"('study_NOUN', 'earlier_ADJ')",4
4413,"('public_ADJ', 'space_NOUN')",4
4414,"('space_NOUN', 'new_ADJ')",4
4421,"('similar_ADJ', 'study_NOUN')",4
4486,"('effect_ADJ', 'relationship_NOUN')",4
4430,"('latest_ADJ', 'report_NOUN')",4
4396,"('disease_NOUN', 'control_NOUN')",4
4464,"('ban_NOUN', 'reduce_NOUN')",4
4465,"('reduce_NOUN', 'heart_NOUN')",4
4468,"('heart_ADJ', 'attack_NOUN')",4
4456,"('blood_NOUN', 'vessel_NOUN')",4
4444,"('blood_NOUN', 'platelet_NOUN')",4
4543,"('percent_NOUN', '“one_NOUN')",4
4533,"('reduced_ADJ', 'heart_NOUN')",4
4532,"('ban_NOUN', 'reduced_ADJ')",4
4527,"('various_ADJ', 'country_NOUN')",4
4378,"('public_ADJ', 'place_NOUN')",4
4379,"('place_NOUN', 'fewer_ADJ')",4
4380,"('fewer_ADJ', 'people_NOUN')",4
4511,"('blood_ADJ', 'vessel_NOUN')",4
4507,"('blood_ADJ', 'clotting_NOUN')",4
5038,"('little_ADJ', 'help_NOUN')",4
5069,"('senior_ADJ', 'author_NOUN')",4
5028,"('high_ADJ', 'risk_NOUN')",4
5001,"('several_ADJ', 'substance_NOUN')",4
4997,"('year_NOUN', 'researcher_NOUN')",4
4991,"('attack_NOUN', 'stroke_NOUN')",4
4980,"('machine_NOUN', 'cardiovascular_ADJ')",4
4979,"('small_ADJ', 'machine_NOUN')",4
5020,"('disease_NOUN', 'researcher_NOUN')",4
5010,"('cardiac_ADJ', 'biomarker_NOUN')",4
5078,"('additional_ADJ', 'biomarker_NOUN')",4
5152,"('obesity_NOUN', 'physical_ADJ')",4
5151,"('diabetes_NOUN', 'obesity_NOUN')",4
5150,"('use_NOUN', 'diabetes_NOUN')",4
5149,"('tobacco_ADJ', 'use_NOUN')",4
5148,"('cholesterol_NOUN', 'tobacco_ADJ')",4
5147,"('high_ADJ', 'cholesterol_NOUN')",4
5146,"('pressure_NOUN', 'high_ADJ')",4
5139,"('risk_NOUN', 'factor_NOUN')",4
5138,"('traditional_ADJ', 'risk_NOUN')",4
5153,"('physical_ADJ', 'inactivity_NOUN')",4
5171,"('cause_NOUN', 'heart_NOUN')",4
5156,"('poor_ADJ', 'nutrition_NOUN')",4
5159,"('separate_ADJ', 'study_NOUN')",4
3690,"('new_ADJ', 'technology_NOUN')",4
5103,"('certain_ADJ', 'patient_NOUN')",4
5121,"('future_ADJ', 'research_NOUN')",4
4833,"('old_ADJ', 'envelope_NOUN')",4
4832,"('printing_NOUN', 'old_ADJ')",4
4824,"('big_ADJ', 'machine_NOUN')",4
4847,"('newspaper_NOUN', 'small_ADJ')",4
4848,"('small_ADJ', 'piece_NOUN')",4
4795,"('large_ADJ', 'machine_NOUN')",4
4806,"('pap_ADJ', 'making_NOUN')",4
4809,"('big_ADJ', 'business_NOUN')",4
4803,"('sixteenth_ADJ', 'century_NOUN')",4
4799,"('making_ADJ', 'paper_NOUN')",4
4940,"('wire_ADJ', 'square_NOUN')",4
4939,"('small_ADJ', 'wire_ADJ')",4
4937,"('water_NOUN', 'flow_NOUN')",4
4935,"('mold_ADJ', 'let_NOUN')",4
4970,"('pressing_ADJ', 'clothe_NOUN')",4
4967,"('electric_ADJ', 'iron_NOUN')",4
4966,"('common_ADJ', 'electric_ADJ')",4
4953,"('strong_ADJ', 'enough_ADJ')",4
4893,"('water_NOUN', 'dry_NOUN')",4
4882,"('common_ADJ', 'chemical_NOUN')",4
4897,"('substance_NOUN', 'leave_ADJ')",4
4898,"('leave_ADJ', 'call_ADJ')",4
4899,"('call_ADJ', 'pulp_NOUN')",4
6710,"('history_NOUN', 'study_NOUN')",4
6699,"('learning_ADJ', 'process_NOUN')",4
6723,"('academic_ADJ', 'subject_NOUN')",4
6722,"('difficult_ADJ', 'academic_ADJ')",4
6667,"('recent_ADJ', 'study_NOUN')",4
6658,"('state_NOUN', 'requirement_NOUN')",4
6657,"('strict_ADJ', 'state_NOUN')",4
6674,"('Complutense_NOUN', 'university_NOUN')",4
6687,"('student_NOUN', 'motivation_NOUN')",4
6690,"('Madrid_ADJ', 'study_NOUN')",4
6686,"('low_ADJ', 'student_NOUN')",4
6749,"('sensual_ADJ', 'high_ADJ')",4
6746,"('dance_NOUN', 'move_NOUN')",4
6736,"('greatest_ADJ', 'icon_NOUN')",4
6769,"('pop_NOUN', 'star_NOUN')",4
6766,"('sudden_ADJ', 'passing_NOUN')",4
6759,"('corporation_NOUN', 'founder_NOUN')",4
6475,"('school_NOUN', 'teach_NOUN')",4
6532,"('history_NOUN', 'student_NOUN')",4
6524,"('learning_NOUN', 'Conspiracy_NOUN')",4
6551,"('civil_NOUN', 'war_NOUN')",4
6550,"('American_ADJ', 'civil_NOUN')",4
6546,"('student_NOUN', 'learn_ADJ')",4
6545,"('way_NOUN', 'student_NOUN')",4
6490,"('many_ADJ', 'student_NOUN')",4
6623,"('school_NOUN', 'district_NOUN')",4
6608,"('session_NOUN', 'staff_NOUN')",4
6607,"('training_NOUN', 'session_NOUN')",4
6642,"('abandon_ADJ', 'textbook_NOUN')",4
6646,"('technology_NOUN', 'Educator_NOUN')",4
6645,"('video_ADJ', 'technology_NOUN')",4
6635,"('American_ADJ', 'scientist_NOUN')",4
6603,"('software_ADJ', 'company_NOUN')",4
6566,"('American_ADJ', 'history_NOUN')",4
6602,"('education_ADJ', 'software_ADJ')",4
6599,"('computer_ADJ', 'programmer_NOUN')",4
6597,"('virtual_ADJ', 'school_NOUN')",4
7028,"('rock_NOUN', 'star_NOUN')",4
7024,"('show_ADJ', 'performance_NOUN')",4
7023,"('final_ADJ', 'show_ADJ')",4
7040,"('worldwide_ADJ', 'tour_NOUN')",4
7056,"('big_ADJ', 'loss_NOUN')",4
7059,"('music_ADJ', 'lover_NOUN')",4
7043,"('huge_ADJ', 'number_NOUN')",4
7017,"('comeback_ADJ', 'concert_NOUN')",4
6991,"('plastic_ADJ', 'surgery_NOUN')",4
6990,"('frequent_NOUN', 'plastic_ADJ')",4
6996,"('molesting_ADJ', 'boy_NOUN')",4
6983,"('apparent_ADJ', 'problem_NOUN')",4
10264,"('last_ADJ', 'year_NOUN')",4
12584,"('lung_ADJ', 'transplant_NOUN')",4
12588,"('donor_NOUN', 'lung_NOUN')",4
10601,"('main_ADJ', 'character_NOUN')",4
7072,"('cultural_ADJ', 'origin_NOUN')",4
7069,"('age_NOUN', 'group_NOUN')",4
6869,"('Mtfifth_ADJ', 'channel_NOUN')",4
6866,"('young_ADJ', 'rock_NOUN')",4
6862,"('first_ADJ', 'black_NOUN')",4
6880,"('talented_ADJ', 'person_NOUN')",4
6858,"('music_ADJ', 'video_NOUN')",4
6857,"('way_NOUN', 'music_ADJ')",4
6827,"('legendary_ADJ', 'musician_NOUN')",4
6830,"('record_ADJ', 'producer_NOUN')",4
6820,"('late_ADJ', 'teen_NOUN')",4
6952,"('racial_ADJ', 'barrier_NOUN')",4
1745,"('small_ADJ', 'scale_NOUN')",4
6943,"('constant_ADJ', 'innovation_NOUN')",4
6970,"('topping_NOUN', 'album_NOUN')",4
6969,"('chart_NOUN', 'topping_NOUN')",4
6916,"('biggest_ADJ', 'star_NOUN')",4
6937,"('enormous_ADJ', 'talent_NOUN')",4
6928,"('radio_NOUN', 'station_NOUN')",4
6927,"('pop_NOUN', 'radio_NOUN')",4
6926,"('top_ADJ', 'pop_NOUN')",4
6476,"('teach_NOUN', 'student_NOUN')",4
6172,"('drinking_NOUN', 'glass_NOUN')",4
6171,"('crystal_ADJ', 'drinking_NOUN')",4
6196,"('gentle_ADJ', 'wind_NOUN')",4
6190,"('pleasing_ADJ', 'piece_NOUN')",4
6259,"('next_ADJ', 'gift_NOUN')",4
6251,"('royal_ADJ', 'blood_NOUN')",4
6264,"('theater_NOUN', 'advertisement_NOUN')",4
6220,"('silk_ADJ', 'stocking_NOUN')",4
6239,"('extra_NOUN', 'coin_NOUN')",4
6005,"('costly_ADJ', 'magazines_NOUN')",4
6001,"('magazine_NOUN', 'mrs_NOUN')",4
6014,"('pleasant_ADJ', 'thing_NOUN')",4
6092,"('wealthy_ADJ', 'people_NOUN')",4
6084,"('white_ADJ', 'table_ADJ')",4
6292,"('costly_ADJ', 'clothing_NOUN')",4
6443,"('summer_NOUN', 'vacation_NOUN')",4
6444,"('vacation_NOUN', 'Diaz_NOUN')",4
6459,"('home_NOUN', 'computer_NOUN')",4
6465,"('Virtual_ADJ', 'School_NOUN')",4
6470,"('executive_ADJ', 'director_NOUN')",4
6417,"('typical_ADJ', 'teenager_NOUN')",4
6429,"('traditional_ADJ', 'schoolwork_NOUN')",4
6430,"('schoolwork_NOUN', '“I_ADJ')",4
6325,"('wide_ADJ', 'sensation_NOUN')",4
170,"('15th_ADJ', 'century_NOUN')",3
223,"('best_ADJ', 'example_NOUN')",3
14936,"('car_ADJ', 'key_NOUN')",3
161,"('small_ADJ', 'element_NOUN')",3
7289,"('eye_ADJ', 'doctor_NOUN')",3
438,"('perfect_NOUN', 'moment_NOUN')",3
632,"('architect_NOUN', 'symmetry_NOUN')",3
365,"('fobe_ADJ', 'bubble_ADJ')",3
10959,"('bell_ADJ', 'pepper_NOUN')",3
366,"('bubble_ADJ', 'diagram_NOUN')",3
288,"('vaulting_ADJ', 'get_NOUN')",3
369,"('foam_NOUN', 'bubble_ADJ')",3
370,"('bubble_ADJ', 'model_NOUN')",3
164,"('fractional_ADJ', 'subdivision_NOUN')",3
9393,"('war_NOUN', 'second_ADJ')",3
9935,"('beer_ADJ', 'drinker_NOUN')",3
165,"('subdivision_NOUN', 'finer_NOUN')",3
577,"('thumb_NOUN', 'mutation_NOUN')",3
182,"('new_ADJ', 'model_NOUN')",3
75,"('better_ADJ', 'proportion_NOUN')",3
387,"('similar_ADJ', 'heat_NOUN')",3
390,"('transfer_NOUN', 'model_NOUN')",3
389,"('thermal_ADJ', 'transfer_NOUN')",3
388,"('heat_NOUN', 'thermal_ADJ')",3
241,"('Gothic_ADJ', 'architect_NOUN')",3
543,"('human_ADJ', 'thumb_NOUN')",3
202,"('digital_ADJ', 'tool_NOUN')",3
343,"('model_ADJ', 'translate_NOUN')",3
516,"('ideal_ADJ', 'type_NOUN')",3
61,"('hot_ADJ', 'debate_NOUN')",3
518,"('ideal_ADJ', 'average_NOUN')",3
311,"('structural_ADJ', 'form_NOUN')",3
146,"('structural_ADJ', 'dais_NOUN')",3
44,"('beautiful_ADJ', 'architecture_NOUN')",3
586,"('opposable_ADJ', 'thumb_NOUN')",3
256,"('Gothic_ADJ', 'moment_NOUN')",3
460,"('genetic_ADJ', 'evolution_NOUN')",3
354,"('example_NOUN', 'structure_NOUN')",3
398,"('structural_ADJ', 'engineer_NOUN')",3
315,"('calculus_ADJ', 'curvature_NOUN')",3
357,"('determining_NOUN', 'force_NOUN')",3
2382,"('squeezer_NOUN', 'toilet_NOUN')",3
2381,"('lemon_ADJ', 'squeezer_NOUN')",3
2386,"('beautiful_ADJ', 'toilet_NOUN')",3
2387,"('toilet_NOUN', 'seat_NOUN')",3
1137,"('genetic_ADJ', 'way_NOUN')",3
2401,"('beautiful_ADJ', 'object_NOUN')",3
1141,"('different_ADJ', 'perspective_NOUN')",3
1148,"('complex_ADJ', 'set_NOUN')",3
1161,"('long_ADJ', 'housing_NOUN')",3
1162,"('housing_NOUN', 'block_NOUN')",3
1160,"('kilometer_NOUN', 'long_ADJ')",3
1154,"('simple_ADJ', 'form_NOUN')",3
2476,"('narcissistic_ADJ', 'design_NOUN')",3
1123,"('sacr_ADJ', 'space_NOUN')",3
2501,"('useless_ADJ', 'job_NOUN')",3
1118,"('rocket_NOUN', 'science_NOUN')",3
1130,"('certain_ADJ', 'number_NOUN')",3
2442,"('vend_ADJ', 'mal_ADJ')",3
2437,"('bad_ADJ', 'sale_NOUN')",3
2180,"('installation_NOUN', 'wall_NOUN')",3
2197,"('spatial_ADJ', 'effect_NOUN')",3
1192,"('much_ADJ', 'description_NOUN')",3
2144,"('shop_NOUN', 'kind_NOUN')",3
2136,"('laser_ADJ', 'cutter_NOUN')",3
2279,"('fantastic_ADJ', 'people_NOUN')",3
1180,"('small_ADJ', 'neighborhood_NOUN')",3
2232,"('design_NOUN', 'industry_NOUN')",3
2225,"('steel_NOUN', 'industry_NOUN')",3
2253,"('formal_ADJ', 'effect_NOUN')",3
2251,"('produce_NOUN', 'decorative_ADJ')",3
1022,"('motion_NOUN', 'built_NOUN')",3
2706,"('bloop_NOUN', 'sort_NOUN')",3
2712,"('life_NOUN', 'nothing_NOUN')",3
2709,"('dirty_NOUN', 'mud_NOUN')",3
2704,"('soup_NOUN', 'bloop_NOUN')",3
2703,"('first_ADJ', 'soup_NOUN')",3
2700,"('soupe_ADJ', 'primordiale_NOUN')",3
2723,"('life_NOUN', 'bloop_ADJ')",3
2719,"('pshoo_NOUN', 'arrive_ADJ')",3
2835,"('story_NOUN', 'Fantastic_ADJ')",3
2861,"('beautiful_ADJ', 'story_NOUN')",3
1009,"('dynamic_ADJ', 'way_NOUN')",3
1003,"('form_NOUN', 'open_NOUN')",3
1087,"('Latin_ADJ', 'cross_NOUN')",3
2583,"('real_ADJ', 'interesting_NOUN')",3
1075,"('main_ADJ', 'changes_NOUN')",3
1104,"('invisible_ADJ', 'source_NOUN')",3
1105,"('source_NOUN', 'directionality_NOUN')",3
1043,"('open_ADJ', 'vistum_NOUN')",3
1033,"('closed_ADJ', 'volume_NOUN')",3
1063,"('pattern_ADJ', 'lead_NOUN')",3
1051,"('visual_ADJ', 'movement_NOUN')",3
2635,"('human_ADJ', 'production_NOUN')",3
1325,"('synthesized_ADJ', 'relationship_NOUN')",3
1632,"('ergonomic_ADJ', 'shape_NOUN')",3
1600,"('thousand_NOUN', 'dollar_NOUN')",3
1599,"('several_ADJ', 'thousand_NOUN')",3
1584,"('last_ADJ', 'minute_NOUN')",3
1714,"('whole_ADJ', 'issue_NOUN')",3
1743,"('big_ADJ', 'scale_NOUN')",3
1735,"('small_ADJ', 'room_NOUN')",3
1296,"('single_ADJ', 'component_NOUN')",3
1729,"('single_ADJ', 'object_NOUN')",3
1668,"('coffee_NOUN', 'pot_NOUN')",3
1655,"('incredible_ADJ', 'variation_NOUN')",3
1673,"('pot_NOUN', 'sitt_NOUN')",3
1696,"('a-kind_ADJ', 'object_NOUN')",3
1479,"('manufacturing_NOUN', 'start_NOUN')",3
1484,"('design_NOUN', 'option_NOUN')",3
1487,"('problem_NOUN', 'get_NOUN')",3
1468,"('market_NOUN', 'car_NOUN')",3
1526,"('expensive_ADJ', 'coffee_NOUN')",3
1512,"('test_NOUN', 'product_NOUN')",3
1510,"('first_ADJ', 'kind_NOUN')",3
1358,"('furniture_NOUN', 'company_NOUN')",3
1412,"('newest_ADJ', 'car_NOUN')",3
1563,"('graphite_ADJ', 'mold_NOUN')",3
1399,"('distinct_ADJ', 'identity_NOUN')",3
1446,"('series_NOUN', 'car_NOUN')",3
1363,"('houseware_ADJ', 'company_NOUN')",3
1428,"('product_NOUN', 'line_NOUN')",3
1433,"('distinct_NOUN', 'coherent_ADJ')",3
1434,"('coherent_ADJ', 'identity_NOUN')",3
1554,"('aerospace_NOUN', 'industry_NOUN')",3
1746,"('scale_NOUN', 'Architect_NOUN')",3
2002,"('scale_NOUN', 'construction_NOUN')",3
1228,"('diagonal_ADJ', 'load_NOUN')",3
1990,"('site_NOUN', 'design_NOUN')",3
1235,"('bit_NOUN', 'different_ADJ')",3
2008,"('Gothic_ADJ', 'cathedral_NOUN')",3
2033,"('numerous_ADJ', 'example_NOUN')",3
1960,"('unique_ADJ', 'shape_NOUN')",3
1948,"('individual_ADJ', 'element_NOUN')",3
1942,"('single_ADJ', 'mass_NOUN')",3
1968,"('controlled_ADJ', 'limit_NOUN')",3
2100,"('organic_ADJ', 'way_NOUN')",3
2097,"('smaller_ADJ', 'part_NOUN')",3
2091,"('build_NOUN', 'element_NOUN')",3
2090,"('multiple_ADJ', 'build_NOUN')",3
2087,"('organic_ADJ', 'fusion_NOUN')",3
2120,"('replace_NOUN', 'kind_NOUN')",3
2110,"('digital_ADJ', 'fabrication_NOUN')",3
1215,"('structural_ADJ', 'truss_NOUN')",3
2048,"('separate_ADJ', 'tower_NOUN')",3
2055,"('th_ADJ', 'floor_NOUN')",3
2059,"('single_ADJ', 'monolithic_ADJ')",3
2070,"('European_ADJ', 'central_ADJ')",3
2072,"('bank_NOUN', 'headquarter_NOUN')",3
2071,"('central_ADJ', 'bank_NOUN')",3
1812,"('tropic_ADJ', 'frog_NOUN')",3
1809,"('natural_ADJ', 'world_NOUN')",3
1821,"('extreme_ADJ', 'example_NOUN')",3
1799,"('real_ADJ', 'architectural_ADJ')",3
1800,"('architectural_ADJ', 'problem_NOUN')",3
1292,"('single_ADJ', 'calculation_NOUN')",3
1288,"('entire_ADJ', 'facade_NOUN')",3
1911,"('history_NOUN', 'museum_NOUN')",3
1910,"('natural_ADJ', 'history_NOUN')",3
1906,"('main_ADJ', 'exhibition_NOUN')",3
1252,"('custom_NOUN', 'piece_NOUN')",3
1915,"('continuous_ADJ', 'change_NOUN')",3
1933,"('different_ADJ', 'tower_NOUN')",3
1923,"('different_ADJ', 'kind_NOUN')",3
1860,"('color_ADJ', 'pattern_NOUN')",3
1888,"('gradient_ADJ', 'color_NOUN')",3
1879,"('national_ADJ', 'park_NOUN')",3
3891,"('favorite_ADJ', 'thing_NOUN')",3
3878,"('western_ADJ', 'railway_NOUN')",3
3877,"('great_ADJ', 'western_ADJ')",3
3904,"('express_NOUN', 'train_NOUN')",3
3903,"('big_ADJ', 'express_NOUN')",3
3902,"('great_ADJ', 'big_ADJ')",3
3900,"('railway_ADJ', 'waiting_NOUN')",3
3838,"('great_ADJ', 'thing_NOUN')",3
3837,"('many_ADJ', 'great_ADJ')",3
3828,"('bigger_ADJ', 'impact_NOUN')",3
3867,"('greatest_ADJ', 'creation_NOUN')",3
3859,"('great_ADJ', 'designer_NOUN')",3
3849,"('suspension_NOUN', 'bridge_NOUN')",3
3980,"('railway_NOUN', 'journey_NOUN')",3
3979,"('best_ADJ', 'railway_NOUN')",3
3985,"('integrated_ADJ', 'transportation_NOUN')",3
3986,"('transportation_NOUN', 'system_NOUN')",3
3962,"('long_ADJ', 'tunel_NOUN')",3
3942,"('flattest_ADJ', 'gradient_NOUN')",3
792,"('different_ADJ', 'dimension_NOUN')",3
3686,"('attractive_ADJ', 'shell_NOUN')",3
3703,"('whole_ADJ', 'technology_NOUN')",3
3725,"('making_NOUN', 'thing_NOUN')",3
3724,"('important_ADJ', 'making_NOUN')",3
3709,"('slow_NOUN', 'learner_NOUN')",3
3708,"('fairy_ADJ', 'slow_NOUN')",3
3681,"('fax_ADJ', 'machine_NOUN')",3
805,"('sight_NOUN', 'line_NOUN')",3
3642,"('woodworkig_ADJ', 'machine_NOUN')",3
3678,"('second_ADJ', 'project_NOUN')",3
3666,"('good_ADJ', 'job_NOUN')",3
3786,"('popular_ADJ', 'press_NOUN')",3
3810,"('different_ADJ', 'view_NOUN')",3
3741,"('single_ADJ', 'product_NOUN')",3
3755,"('small_ADJ', 'view_NOUN')",3
3769,"('Twentieth_ADJ', 'century_NOUN')",3
3767,"('latter_ADJ', 'half_NOUN')",3
3760,"('recent_ADJ', 'phenomena_NOUN')",3
4262,"('believe_NOUN', 'nation_NOUN')",3
695,"('architectural_ADJ', 'form_NOUN')",3
4267,"('space_NOUN', 'technology_NOUN')",3
4287,"('great_ADJ', 'explorer_NOUN')",3
4274,"('space_NOUN', 'project_NOUN')",3
4245,"('planet_NOUN', 'Mars_NOUN')",3
4205,"('international_ADJ', 'project_NOUN')",3
4348,"('“Magnificent_ADJ', 'Desolation_NOUN')",3
4351,"('childrens_NOUN', 'book_NOUN')",3
4347,"('book_NOUN', '“Magnificent_ADJ')",3
662,"('ideal_ADJ', 'shape_NOUN')",3
4302,"('realistic_ADJ', 'path_NOUN')",3
4297,"('world_NOUN', 'leader_NOUN')",3
4294,"('historic_ADJ', 'nature_NOUN')",3
4330,"('estimation_NOUN', 'greater_ADJ')",3
4319,"('permanent_NOUN', 'settlement_NOUN')",3
4318,"('growing_ADJ', 'permanent_NOUN')",3
4074,"('new_ADJ', 'solution_NOUN')",3
4055,"('business_NOUN', 'school_NOUN')",3
4089,"('economic_ADJ', 'viability_NOUN')",3
4086,"('technical_ADJ', 'feasibility_NOUN')",3
4056,"('school_NOUN', 'professor_NOUN')",3
4023,"('second_ADJ', 'half_NOUN')",3
736,"('big_ADJ', 'assembly_NOUN')",3
4034,"('design_NOUN', 'profession_NOUN')",3
4104,"('twentieth_NOUN', 'nineteen_ADJ')",3
4162,"('space_NOUN', 'shuttle_NOUN')",3
4170,"('joint_ADJ', 'effort_NOUN')",3
4165,"('international_ADJ', 'space_NOUN')",3
4156,"('space_NOUN', 'agency_NOUN')",3
4155,"('American_ADJ', 'space_NOUN')",3
4186,"('space_NOUN', 'exploration_NOUN')",3
4183,"('international_ADJ', 'cooperation_NOUN')",3
4182,"('greater_ADJ', 'international_ADJ')",3
730,"('discreet_ADJ', 'element_NOUN')",3
4117,"('first_ADJ', 'people_NOUN')",3
4106,"('sixty_NOUN', '-nine_NOUN')",3
727,"('ideal_ADJ', 'unit_NOUN')",3
3633,"('first_ADJ', 'project_NOUN')",3
920,"('continuous_ADJ', 'series_NOUN')",3
3144,"('trap_NOUN', 'God_NOUN')",3
904,"('fractional_ADJ', 'part_NOUN')",3
974,"('unique_ADJ', 'angle_NOUN')",3
966,"('unique_ADJ', 'distance_NOUN')",3
2893,"('final_ADJ', 'man_NOUN')",3
2882,"('generation_NOUN', 'think_NOUN')",3
2914,"('jacket_NOUN', 'something_NOUN')",3
2913,"('red_ADJ', 'jacket_NOUN')",3
942,"('Korean_ADJ', 'church_NOUN')",3
3053,"('new_ADJ', 'toilet_NOUN')",3
3052,"('toothbrush_NOUN', 'new_ADJ')",3
3051,"('new_ADJ', 'toothbrush_NOUN')",3
813,"('ceiling_NOUN', 'grid_NOUN')",3
3459,"('powerful_ADJ', 'intelligent_NOUN')",3
3592,"('white_ADJ', 'page_NOUN')",3
3593,"('page_NOUN', 'invent_NOUN')",3
3441,"('love_NOUN', 'progress_NOUN')",3
3587,"('next_ADJ', 'story_NOUN')",3
3539,"('new_ADJ', 'romanticism_NOUN')",3
3565,"('beautiful_ADJ', 'gift_NOUN')",3
821,"('modular_ADJ', 'quality_NOUN')",3
3564,"('thing_NOUN', 'beautiful_ADJ')",3
830,"('infinitesimal_ADJ', 'dimension_NOUN')",3
3578,"('story_NOUN', 'invent_ADJ')",3
877,"('automobile_NOUN', 'architecture_NOUN')",3
3335,"('many_ADJ', 'face_NOUN')",3
878,"('architecture_NOUN', 'product_NOUN')",3
3369,"('forget_ADJ', 'art_NOUN')",3
3364,"('forget_ADJ', 'desing_NOUN')",3
3363,"('hotel_NOUN', 'forget_ADJ')",3
3362,"('beautiful_ADJ', 'hotel_NOUN')",3
3359,"('beautiful_ADJ', 'chair_NOUN')",3
872,"('design_NOUN', 'field_NOUN')",3
3264,"('civilization_NOUN', 'shadow_NOUN')",3
3307,"('luxurious_ADJ', 'time_NOUN')",3
3302,"('case_NOUN', 'people_NOUN')",3
3294,"('much_ADJ', 'war_NOUN')",3
865,"('new_ADJ', 'vocabulary_NOUN')",3
3412,"('right_ADJ', 'time_NOUN')",3
853,"('straight_ADJ', 'line_NOUN')",3
3628,"('old_ADJ', 'photo_NOUN')",3
3426,"('beautiful_ADJ', 'dream_NOUN')",3
3423,"('good_ADJ', 'reason_NOUN')",3
13556,"('body_NOUN', 'weight_NOUN')",2
10358,"('Nazi_ADJ', 'concentration_NOUN')",2
10410,"('ex_NOUN', 'lover_NOUN')",2
10359,"('concentration_NOUN', 'camp_NOUN')",2
9877,"('wine_ADJ', 'drinker_NOUN')",2
10344,"('world_NOUN', 'war_NOUN')",2
13259,"('good_ADJ', 'vision_NOUN')",2
10070,"('border_ADJ', 'city_NOUN')",2
13426,"('ophthalmic_ADJ', 'surgeon_NOUN')",2
10141,"('drug_NOUN', 'cartel_NOUN')",2
10377,"('guard_ADJ', 'people_NOUN')",2
8728,"('enforcement_NOUN', 'network_NOUN')",2
9481,"('small_ADJ', 'village_NOUN')",2
9635,"('Alan_ADJ', 'Lichtman_NOUN')",2
9149,"('American_ADJ', 'voice_NOUN')",2
14136,"('gold_ADJ', 'class_NOUN')",2
11171,"('right_ADJ', 'turn_NOUN')",2
12867,"('normal_ADJ', 'body_NOUN')",2
11172,"('turn_NOUN', 'signal_NOUN')",2
12712,"('intensive_ADJ', 'care_NOUN')",2
11236,"('deep_ADJ', 'space_NOUN')",2
11199,"('left_ADJ', 'turn_NOUN')",2
11178,"('sign_ADJ', 'knob_NOUN')",2
11177,"('turn_NOUN', 'sign_ADJ')",2
10677,"('giant_ADJ', 'tortoise_NOUN')",2
11239,"('Hubble_ADJ', 'space_NOUN')",2
11243,"('space_NOUN', 'probe_NOUN')",2
10419,"('first_ADJ', 'meet_NOUN')",2
11667,"('profit_NOUN', 'organization_NOUN')",2
11803,"('eye_NOUN', 'care_NOUN')",2
12624,"('donor_NOUN', 'organ_NOUN')",2
12634,"('last_ADJ', 'month_NOUN')",2
12651,"('perfusion_NOUN', 'technique_NOUN')",2
11417,"('Voyager_ADJ', 'probe_NOUN')",2
10634,"('Palestinian_ADJ', 'civilian_NOUN')",2
10489,"('stunning_NOUN', 'performance_NOUN')",2
10497,"('older_ADJ', 'Michael_ADJ')",2
10477,"('society_NOUN', 'Kate_ADJ')",2
10476,"('entire_ADJ', 'society_NOUN')",2
10498,"('Michael_ADJ', 'torn_NOUN')",2
10520,"('Israeli_ADJ', 'filmmaker_NOUN')",2
10507,"('deep_ADJ', 'affection_NOUN')",2
10471,"('legal_ADJ', 'system_NOUN')",2
10470,"('German_ADJ', 'legal_ADJ')",2
10463,"('year_NOUN', 'sentence_NOUN')",2
10598,"('narrator_ADJ', 'reporter_NOUN')",2
10580,"('harrowing_ADJ', 'impact_NOUN')",2
10586,"('hallucinatory_ADJ', 'quality_NOUN')",2
10630,"('Christian_ADJ', 'Phalangist_NOUN')",2
10616,"('Folman_ADJ', 'remember_NOUN')",2
10610,"('Israeli_ADJ', 'reporter_NOUN')",2
10527,"('war_ADJ', 'torn_NOUN')",2
10540,"('Israel_ADJ', '’_NOUN')",2
10528,"('torn_NOUN', 'area_NOUN')",2
10577,"('unearthly_ADJ', 'color_NOUN')",2
7333,"('transplant_ADJ', 'surgery_NOUN')",2
7648,"('long_ADJ', 'term_NOUN')",2
7562,"('steroid_ADJ', 'use_NOUN')",2
13140,"('lens_NOUN', 'implant_NOUN')",1
13143,"('intraocular_ADJ', 'lens_NOUN')",1
15893,"('chastened_ADJ', 'sublimity_NOUN')",1
13147,"('treat_ADJ', 'cataract_NOUN')",1
13139,"('existing_ADJ', 'lens_NOUN')",1
13181,"('standard_ADJ', 'IOL_NOUN')",1
15863,"('gaunt_ADJ', 'waste_NOUN')",1
15881,"('sombreness_NOUN', 'distasteful_NOUN')",1
15802,"('fair_ADJ', 'man_NOUN')",1
15795,"('fair_ADJ', 'time_NOUN')",1
15770,"('palace_NOUN', 'double_NOUN')",1
15867,"('human_ADJ', 'soul_NOUN')",1
15856,"('last_ADJ', 'quarter_NOUN')",1
15858,"('new_ADJ', 'Vale_NOUN')",1
15877,"('external_ADJ', 'thing_NOUN')",1
15829,"('scarcer_ADJ', 'instinct_NOUN')",1
15832,"('learnt_ADJ', 'emotion_NOUN')",1
15840,"('call_ADJ', 'charming_NOUN')",1
15848,"('exclusive_ADJ', 'reign_NOUN')",1
15851,"('orthodox_ADJ', 'beauty_NOUN')",1
12980,"('vital_ADJ', 'ability_NOUN')",1
12976,"('blood_NOUN', 'flow_NOUN')",1
12967,"('lung_NOUN', 'last_ADJ')",1
12985,"('get_ADJ', 'rid_NOUN')",1
12995,"('human_ADJ', 'lung_NOUN')",1
12988,"('carbon_NOUN', 'dioxide_NOUN')",1
12913,"('key_NOUN', 'indicator_NOUN')",1
12896,"('pump_NOUN', 'ventilator_NOUN')",1
12923,"('airway_ADJ', 'pressure_NOUN')",1
15925,"('myrtle_ADJ', 'garden_NOUN')",1
12937,"('new_ADJ', 'year_NOUN')",1
12934,"('transplant_ADJ', 'centre_NOUN')",1
12926,"('lung_ADJ', 'compliance_NOUN')",1
15915,"('commonest_ADJ', 'tourist_NOUN')",1
13098,"('earlier_ADJ', 'discharge_NOUN')",1
15916,"('tourist_NOUN', 'spot_NOUN')",1
13093,"('shorter_ADJ', 'stay_NOUN')",1
13106,"('old_ADJ', 'age_NOUN')",1
13121,"('adjustable_ADJ', 'lens_NOUN')",1
13118,"('surgeon_NOUN', 'say_NOUN')",1
13117,"('British_ADJ', 'surgeon_NOUN')",1
13115,"('eye_NOUN', 'implant_NOUN')",1
13114,"('latest_ADJ', 'eye_NOUN')",1
13112,"('obtain_ADJ', '“supervision_NOUN')",1
13031,"('waiting_NOUN', 'list_NOUN')",1
13025,"('country_NOUN', 'last_ADJ')",1
13024,"('whole_ADJ', 'country_NOUN')",1
13051,"('first_ADJ', 'patient_NOUN')",1
13350,"('world_NOUN', 'last_ADJ')",1
13347,"('correct_ADJ', 'IOL_NOUN')",1
13346,"('presbyopium_NOUN', 'correct_ADJ')",1
13336,"('distance_NOUN', 'vision_NOUN')",1
15588,"('true_ADJ', 'tale_NOUN')",1
13379,"('implanted_ADJ', 'len_NOUN')",1
13374,"('slight_ADJ', 'error_NOUN')",1
13371,"('eye_NOUN', 'heal_NOUN')",1
13292,"('order_NOUN', 'aberration_NOUN')",1
13291,"('high_ADJ', 'order_NOUN')",1
13290,"('eye_NOUN', 'known_ADJ')",1
13288,"('natural_ADJ', 'imperfection_NOUN')",1
13281,"('perfect_NOUN', 'vision_NOUN')",1
15595,"('near_ADJ', 'relation_NOUN')",1
13299,"('greatest_ADJ', 'advance_NOUN')",1
13322,"('artificial_ADJ', 'lens_NOUN')",1
13307,"('intraocular_ADJ', 'len_NOUN')",1
13302,"('lens_NOUN', 'technology_NOUN')",1
13461,"('interesting_ADJ', 'concept_NOUN')",1
13454,"('royal_ADJ', 'college_NOUN')",1
15571,"('complete_ADJ', 'effect_NOUN')",1
13451,"('vice_NOUN', 'president_NOUN')",1
13494,"('bright_ADJ', 'sunlight_NOUN')",1
13487,"('large_ADJ', 'number_NOUN')",1
13484,"('long-term_ADJ', 'outcome_NOUN')",1
13480,"('respectable_ADJ', 'datum_NOUN')",1
13405,"('American_ADJ', 'company_NOUN')",1
15579,"('next_ADJ', 'dawn_NOUN')",1
13388,"('LAL_ADJ', 'surgeon_NOUN')",1
13387,"('new_ADJ', 'LAL_ADJ')",1
13386,"('specific_ADJ', 'part_NOUN')",1
13383,"('ultraviolet_ADJ', 'light_NOUN')",1
13425,"('consultant_ADJ', 'ophthalmic_ADJ')",1
13419,"('surgery_NOUN', 'mister_NOUN')",1
15577,"('succeeding_ADJ', 'hour_NOUN')",1
15682,"('many_ADJ', 'century_NOUN')",1
15694,"('last_ADJ', 'crisis_NOUN')",1
15696,"('final_ADJ', 'overthrow_NOUN')",1
15672,"('Titanic_ADJ', 'form_NOUN')",1
15653,"('watchful_ADJ', 'intentness_NOUN')",1
15742,"('thing_NOUN', 'majestic_ADJ')",1
15745,"('severity_NOUN', 'impressive_ADJ')",1
15748,"('showiness_NOUN', 'emphatic_ADJ')",1
15751,"('admonition_NOUN', 'grand_NOUN')",1
15710,"('kindly_ADJ', 'congruity_NOUN')",1
15727,"('better_ADJ', 'reputation_NOUN')",1
15642,"('black_ADJ', 'fraternization_NOUN')",1
15604,"('apparent_ADJ', 'tendency_NOUN')",1
13215,"('total_ADJ', 'cost_NOUN')",1
13252,"('len_NOUN', 'bifocal_ADJ')",1
15616,"('sombre_ADJ', 'stretch_NOUN')",1
15624,"('evening_ADJ', 'gloom_NOUN')",1
15627,"('pure_NOUN', 'sympathy_NOUN')",1
13207,"('eye_NOUN', 'surgeon_NOUN')",1
13193,"('presbyopia_NOUN', 'age_NOUN')",1
13187,"('private_ADJ', 'patient_NOUN')",1
12892,"('bypass_NOUN', 'machine_NOUN')",1
16051,"('midnight_ADJ', 'dream_NOUN')",1
12240,"('confront_ADJ', 'oppression_NOUN')",1
12235,"('source_NOUN', 'person_NOUN')",1
12234,"('trouble_NOUN', 'source_NOUN')",1
12233,"('potential_ADJ', 'trouble_NOUN')",1
12222,"('tech_NOUN', 'technique_NOUN')",1
12265,"('vacation_NOUN', 'play_NOUN')",1
12262,"('different_ADJ', 'place_NOUN')",1
12416,"('nothing_NOUN', 'better_ADJ')",1
12453,"('playing_NOUN', 'field_NOUN')",1
16030,"('strange_NOUN', 'phantom_NOUN')",1
16039,"('wild_ADJ', 'region_NOUN')",1
12389,"('love_NOUN', 'compassion_NOUN')",1
12371,"('new_ADJ', 'reality_NOUN')",1
16035,"('hitherto_ADJ', 'unrecognized_ADJ')",1
16036,"('unrecognized_ADJ', 'original_NOUN')",1
12008,"('better_ADJ', 'reality_NOUN')",1
12039,"('policy_NOUN', 'doctrine_NOUN')",1
12033,"('mince_ADJ', 'word_NOUN')",1
16079,"('commonplace_NOUN', 'unmeaning_ADJ')",1
12217,"('history_NOUN', 'book_NOUN')",1
12131,"('church_NOUN', 'leader_NOUN')",1
12115,"('complicated_ADJ', 'hierarchy_NOUN')",1
12756,"('extraordinary_ADJ', 'potential_NOUN')",1
12752,"('novel_ADJ', 'perfusion_NOUN')",1
15950,"('thoroughgo_ADJ', 'ascetic_NOUN')",1
12742,"('research_NOUN', 'leader_NOUN')",1
12738,"('heart_NOUN', 'transplant_NOUN')",1
12735,"('lung_ADJ', 'disease_NOUN')",1
15945,"('sand_NOUN', 'dune_NOUN')",1
12762,"('transplantable_ADJ', 'organ_NOUN')",1
15954,"('natural_ADJ', 'right_NOUN')",1
12692,"('several_ADJ', 'year_NOUN')",1
12713,"('care_NOUN', 'complication_NOUN')",1
15962,"('legitimate_NOUN', 'indulgence_NOUN')",1
12714,"('complication_NOUN', 'scientist_NOUN')",1
12891,"('heart_NOUN', 'bypass_NOUN')",1
12890,"('modified_ADJ', 'heart_NOUN')",1
12885,"('protective_ADJ', 'chamber_NOUN')",1
12877,"('damaged_ADJ', 'tissue_NOUN')",1
12868,"('body_NOUN', 'temperature_NOUN')",1
12804,"('Transplant_ADJ', 'institute_NOUN')",1
12801,"('academic_ADJ', 'director_NOUN')",1
12797,"('unusable_ADJ', 'organ_NOUN')",1
12792,"('donor_ADJ', 'lung_NOUN')",1
12789,"('lung_NOUN', 'transplant_NOUN')",1
12788,"('bilateral_ADJ', 'lung_NOUN')",1
12787,"('successful_ADJ', 'bilateral_ADJ')",1
12810,"('real_ADJ', 'opportunity_NOUN')",1
12820,"('greater_ADJ', 'number_NOUN')",1
12686,"('operation_NOUN', 'Waits_NOUN')",1
12551,"('life_NOUN', 'thing_NOUN')",1
12516,"('various_ADJ', 'field_NOUN')",1
12466,"('nothing_NOUN', 'part_NOUN')",1
12492,"('unite_ADJ', 'culture_NOUN')",1
12655,"('oxygenated_ADJ', 'solution_NOUN')",1
15992,"('gaiety_NOUN', 'intensity_NOUN')",1
15983,"('summer_NOUN', 'day_NOUN')",1
15985,"('highest_ADJ', 'feather_NOUN')",1
16008,"('winter_ADJ', 'darkness_NOUN')",1
16009,"('darkness_NOUN', 'tempest_NOUN')",1
12587,"('damage_ADJ', 'donor_NOUN')",1
12583,"('pioneering_NOUN', 'lung_ADJ')",1
12579,"('British_ADJ', 'patient_NOUN')",1
12602,"('advance_ADJ', 'cystic_ADJ')",1
12625,"('organ_NOUN', 'mister_NOUN')",1
12621,"('severe_ADJ', 'shortage_NOUN')",1
12603,"('cystic_ADJ', 'fibrosis_NOUN')",1
12605,"('first_ADJ', 'Briton_NOUN')",1
14710,"('star_ADJ', 'chef_NOUN')",1
14699,"('scale_NOUN', 'foody_NOUN')",1
14720,"('British_ADJ', 'cuisine_NOUN')",1
14736,"('Asian_ADJ', 'eatery_NOUN')",1
14734,"('innumerable_ADJ', 'Indian_ADJ')",1
14725,"('visit_NOUN', 'Dubai_NOUN')",1
14657,"('older_ADJ', 'expat_NOUN')",1
15406,"('hollow_NOUN', 'stretch_NOUN')",1
14652,"('Irish_ADJ', 'village_NOUN')",1
14646,"('hotel_NOUN', 'bar_NOUN')",1
14639,"('dubizzle_ADJ', 'website_NOUN')",1
14634,"('useful_ADJ', 'source_NOUN')",1
14683,"('style_NOUN', 'lunch_NOUN')",1
14682,"('European_ADJ', 'style_NOUN')",1
14681,"('uncomplicated_ADJ', 'European_ADJ')",1
14676,"('winter_ADJ', 'month_NOUN')",1
14675,"('cooler_NOUN', 'winter_ADJ')",1
14670,"('steady_ADJ', 'stream_NOUN')",1
14665,"('technumber_NOUN', 'crow_NOUN')",1
13499,"('protective_ADJ', 'glasse_NOUN')",1
14822,"('sounding_NOUN', 'name_NOUN')",1
14821,"('Eastbourne_ADJ', 'sounding_NOUN')",1
14811,"('group_NOUN', 'west_ADJ')",1
14810,"('chick_NOUN', 'group_NOUN')",1
14809,"('rock_NOUN', 'chick_NOUN')",1
14808,"('best_ADJ', 'rock_NOUN')",1
14832,"('energetic_ADJ', 'Asian_NOUN')",1
15386,"('Saturday_ADJ', 'afternoon_NOUN')",1
14841,"('cover_NOUN', 'version_NOUN')",1
14838,"('exhaustive_ADJ', 'range_NOUN')",1
14769,"('district_NOUN', 'isn’t_NOUN')",1
14768,"('Dubai_ADJ', 'district_NOUN')",1
15395,"('unenclosed_ADJ', 'wild_ADJ')",1
15396,"('wild_ADJ', 'known_ADJ')",1
14752,"('safe_ADJ', 'un_ADJ')",1
14801,"('floor_NOUN', 'bar_NOUN')",1
14800,"('first_ADJ', 'floor_NOUN')",1
14798,"('outside_NOUN', 'pop_ADJ')",1
14796,"('nondescript_ADJ', 'tower_NOUN')",1
15392,"('vast_ADJ', 'tract_NOUN')",1
15409,"('whitish_ADJ', 'cloud_NOUN')",1
14488,"('wintersun_ADJ', 'trip_NOUN')",1
14485,"('unbridled_ADJ', 'joy_NOUN')",1
14472,"('stand_NOUN', 'wild_NOUN')",1
14471,"('long_ADJ', 'stand_NOUN')",1
14460,"('water_NOUN', 'park_NOUN')",1
14511,"('fresco_ADJ', 'venue_NOUN')",1
14510,"('al_ADJ', 'fresco_ADJ')",1
14500,"('back_ADJ', 'home_NOUN')",1
14461,"('park_NOUN', 'Aquaventure_NOUN')",1
14459,"('second_ADJ', 'water_NOUN')",1
14631,"('perennial_ADJ', 'favourite_NOUN')",1
14431,"('life_NOUN', 'seal_NOUN')",1
14430,"('marine_ADJ', 'life_NOUN')",1
15434,"('meeting_NOUN', 'line_NOUN')",1
14411,"('ground_ADJ', 'floor_NOUN')",1
14408,"('chocolate_NOUN', 'supermarket_NOUN')",1
14456,"('splashing_ADJ', 'time_NOUN')",1
14453,"('fun_NOUN', 'environment_NOUN')",1
15431,"('darkest_ADJ', 'vegetation_NOUN')",1
14591,"('top_ADJ', 'notch_NOUN')",1
14621,"('flip_ADJ', 'flops_NOUN')",1
14616,"('old_ADJ', 'pair_NOUN')",1
14541,"('Dubai_ADJ', 'style_NOUN')",1
14534,"('culinary_ADJ', 'theme_NOUN')",1
14533,"('different_ADJ', 'culinary_ADJ')",1
14529,"('plan_NOUN', 'area_NOUN')",1
14528,"('open_ADJ', 'plan_NOUN')",1
14527,"('large_ADJ', 'open_ADJ')",1
14571,"('urban_ADJ', 'restaurant_NOUN')",1
14570,"('chic_ADJ', 'urban_ADJ')",1
14567,"('much_ADJ', 'B&Q_NOUN')",1
15417,"('whole_ADJ', 'heath_NOUN')",1
14564,"('misnomer_NOUN', 'think_NOUN')",1
14560,"('Warehouse_NOUN', 'lounge_NOUN')",1
14555,"('new_ADJ', 'addition_NOUN')",1
14552,"('grilled_ADJ', 'meat_NOUN')",1
14551,"('tender_NOUN', 'grilled_ADJ')",1
14550,"('delicious_ADJ', 'tender_NOUN')",1
15165,"('final_ADJ', 'tip_NOUN')",1
15158,"('stronger_ADJ', 'keep_NOUN')",1
15157,"('bit_NOUN', 'stronger_ADJ')",1
15148,"('ankle_NOUN', 'wobble_ADJ')",1
15168,"('small_ADJ', 'stride_NOUN')",1
15198,"('high_ADJ', 'heel_ADJ')",1
15329,"('traditionary_ADJ', 'King_NOUN')",1
15187,"('long_ADJ', 'step_NOUN')",1
15186,"('wide_NOUN', 'long_ADJ')",1
15182,"('long_ADJ', 'leg_NOUN')",1
15172,"('heel_NOUN', 'work_NOUN')",1
15142,"('third_ADJ', 'tip_NOUN')",1
15106,"('next_ADJ', 'step_NOUN')",1
15340,"('good_ADJ', 'morrow_NOUN')",1
15101,"('strong_ADJ', 'center_NOUN')",1
15137,"('whole_ADJ', 'body_NOUN')",1
15127,"('toe_ADJ', 'heel_NOUN')",1
15126,"('heel_NOUN', 'toe_ADJ')",1
15121,"('toe_NOUN', 'heel_NOUN')",1
15115,"('norm_ADJ', 'step_NOUN')",1
15199,"('heel_ADJ', 'walk_NOUN')",1
15274,"('real_ADJ', 'name_NOUN')",1
15273,"('various_ADJ', 'real_ADJ')",1
15270,"('typified_ADJ', 'heath_NOUN')",1
15265,"('sombre_ADJ', 'scene_NOUN')",1
15320,"('extensive_ADJ', 'tract_NOUN')",1
15257,"('general_ADJ', 'name_NOUN')",1
15297,"('intrusive_ADJ', 'strip_NOUN')",1
15291,"('partial_ADJ', 'unity_NOUN')",1
15288,"('original_ADJ', 'unity_NOUN')",1
15254,"('dweller_NOUN', 'inland_NOUN')",1
15253,"('lonely_ADJ', 'dweller_NOUN')",1
15212,"('following_ADJ', 'event_NOUN')",1
15226,"('old_ADJ', 'watering_NOUN')",1
15227,"('watering_NOUN', 'place_NOUN')",1
15323,"('southwestern_ADJ', 'quarter_NOUN')",1
15250,"('imaginative_ADJ', 'soul_NOUN')",1
15245,"('absorb_ADJ', 'attractiveness_NOUN')",1
15238,"('Georgian_ADJ', 'gaiety_NOUN')",1
15234,"('sufficient_ADJ', 'afterglow_NOUN')",1
15084,"('hip_NOUN', 'role_NOUN')",1
14943,"('little_ADJ', 'tip_NOUN')",1
14932,"('first_ADJ', 'supply_NOUN')",1
14925,"('fashion_NOUN', 'reporter_NOUN')",1
14924,"('freelance_NOUN', 'fashion_NOUN')",1
14922,"('fashion_NOUN', 'site_NOUN')",1
14921,"('stroot_ADJ', 'fashion_NOUN')",1
14920,"('austinstylewatch.com_NOUN', 'stroot_ADJ')",1
15083,"('natural_ADJ', 'hip_NOUN')",1
14881,"('bazaar_ADJ', 'shop_NOUN')",1
14877,"('Islamic_ADJ', 'theme_NOUN')",1
14874,"('subterranean_ADJ', 'souk_NOUN')",1
15383,"('little_ADJ', 'impression_NOUN')",1
14902,"('designer_NOUN', 'brand_NOUN')",1
14898,"('pleasant_ADJ', 'contrast_NOUN')",1
14894,"('Baghdad_NOUN', 'souk_NOUN')",1
14893,"('century_NOUN', 'Baghdad_NOUN')",1
14892,"('14th_ADJ', 'century_NOUN')",1
14969,"('new_ADJ', 'one_NOUN')",1
15053,"('way_NOUN', 'high_ADJ')",1
15031,"('go_NOUN', 'weak_ADJ')",1
15346,"('away_ADJ', 'behind_NOUN')",1
15078,"('women_ADJ', 'walking_NOUN')",1
15074,"('forth_ADJ', 'hip_NOUN')",1
15071,"('vum_NOUN', 'kind_NOUN')",1
15061,"('natural_ADJ', 'rolling_NOUN')",1
14998,"('little_ADJ', 'ridge_NOUN')",1
14988,"('someth_ADJ', 'kind_NOUN')",1
14980,"('tiny_ADJ', 'bit_NOUN')",1
15005,"('traction_NOUN', 'piece_NOUN')",1
15004,"('little_ADJ', 'traction_NOUN')",1
13809,"('diet_NOUN', 'rich_ADJ')",1
13790,"('acidosis_ADJ', 'occur_NOUN')",1
13819,"('alkaline_ADJ', 'residue_NOUN')",1
13750,"('strength_ADJ', 'training_NOUN')",1
15530,"('moonless_ADJ', 'midnight_NOUN')",1
13751,"('training_NOUN', 'exercise_NOUN')",1
13773,"('worthwhile_ADJ', 'source_NOUN')",1
13759,"('good_ADJ', 'book_NOUN')",1
13922,"('Probiotic_ADJ', 'bacteria_NOUN')",1
13921,"('eaten_ADJ', 'Probiotic_ADJ')",1
13913,"('live_ADJ', 'bacteria_NOUN')",1
15515,"('dawn_NOUN', 'sade_ADJ')",1
13928,"('special_ADJ', 'bacteria_NOUN')",1
13842,"('best_ADJ', 'advice_NOUN')",1
13948,"('colon_NOUN', 'wall_NOUN')",1
15516,"('sade_ADJ', 'noon_NOUN')",1
13858,"('yoghurt_NOUN', 'probiotic_ADJ')",1
13848,"('fresh_NOUN', 'frozen_ADJ')",1
13894,"('Lactobacillus_ADJ', 'bulgaricus_NOUN')",1
13886,"('solid_ADJ', 'texture_NOUN')",1
13879,"('lactic_ADJ', 'acid_NOUN')",1
13955,"('beneficial_ADJ', 'effect_NOUN')",1
13565,"('vital_ADJ', 'statistic_NOUN')",1
13564,"('combined_ADJ', 'vital_ADJ')",1
13604,"('genetic_ADJ', 'make-up_NOUN')",1
13599,"('sophisticated_ADJ', 'way_NOUN')",1
13586,"('family_NOUN', 'prone_NOUN')",1
15548,"('particular_ADJ', 'glory_NOUN')",1
13518,"('repeat_ADJ', 'visit_NOUN')",1
13536,"('genetic_ADJ', 'destiny_NOUN')",1
13527,"('‘large_NOUN', 'people_NOUN')",1
13685,"('widespread_ADJ', 'availability_NOUN')",1
13676,"('saturated_ADJ', 'fat_NOUN')",1
13670,"('genetic_ADJ', 'tendency_NOUN')",1
13608,"('certain_ADJ', 'people_NOUN')",1
13718,"('nutrition_NOUN', 'advice_NOUN')",1
13717,"('tailor_ADJ', 'nutrition_NOUN')",1
13713,"('future_ADJ', 'generation_NOUN')",1
13664,"('fast_ADJ', 'food_NOUN')",1
13630,"('Genomics_NOUN', 'laboratory_ADJ')",1
15540,"('transitional_ADJ', 'point_NOUN')",1
13621,"('equation_NOUN', 'work_NOUN')",1
13620,"('calorie_ADJ', 'equation_NOUN')",1
15542,"('nightly_ADJ', 'roll_NOUN')",1
13661,"('cake_NOUN', 'pudding_NOUN')",1
13660,"('cheis_NOUN', 'cake_NOUN')",1
13659,"('product_NOUN', 'cheis_NOUN')",1
13658,"('meat_NOUN', 'product_NOUN')",1
13657,"('fatty_NOUN', 'meat_NOUN')",1
13641,"('genetic_ADJ', 'configuration_NOUN')",1
13640,"('particular_ADJ', 'genetic_ADJ')",1
14265,"('ice_NOUN', 'rink_NOUN')",1
14262,"('underwater_NOUN', 'zoo_NOUN')",1
14261,"('ray_NOUN', 'underwater_NOUN')",1
14255,"('aquarium_ADJ', 'complete_NOUN')",1
15457,"('astronomical_ADJ', 'hour_NOUN')",1
14285,"('edu-tainment_NOUN', 'centre_NOUN')",1
14280,"('sq_NOUN', 'ft_NOUN')",1
14275,"('amusement_NOUN', 'game_NOUN')",1
15461,"('great_ADJ', 'extent_NOUN')",1
14191,"('address_NOUN', 'brand_NOUN')",1
14190,"('star_ADJ', 'address_NOUN')",1
14187,"('new_ADJ', 'hotel_NOUN')",1
14186,"('enjoyable_ADJ', 'new_ADJ')",1
14183,"('good_ADJ', 'deal_ADJ')",1
14238,"('Armani_ADJ', 'hotel_NOUN')",1
14230,"('tallest_ADJ', 'tower_NOUN')",1
14375,"('largest_ADJ', 'source_NOUN')",1
14364,"('average_ADJ', 'occupancy_NOUN')",1
14363,"('remarkable_ADJ', 'average_ADJ')",1
14353,"('first_ADJ', 'week_NOUN')",1
14376,"('source_NOUN', 'market_NOUN')",1
14391,"('visitor_NOUN', 'market_NOUN')",1
14390,"('total_ADJ', 'visitor_NOUN')",1
14386,"('per_NOUN', 'cent_NOUN')",1
14382,"('second_ADJ', 'quarter_NOUN')",1
14312,"('new_ADJ', 'attraction_NOUN')",1
14304,"('Downtown_ADJ', 'district_NOUN')",1
14301,"('home_NOUN', 'comfort_NOUN')",1
14344,"('increase_NOUN', 'year_NOUN')",1
14343,"('cent_ADJ', 'increase_NOUN')",1
14342,"('per_NOUN', 'cent_ADJ')",1
14025,"('containing_NOUN', 'food_NOUN')",1
14024,"('“air_ADJ', 'containing_NOUN')",1
14014,"('fizzy_NOUN', 'drink_NOUN')",1
14013,"('many_ADJ', 'fizzy_NOUN')",1
14040,"('lactose_ADJ', 'intolerant_NOUN')",1
14041,"('intolerant_NOUN', 'Dubai_NOUN')",1
14063,"('life_NOUN', 'left_ADJ')",1
14061,"('still_ADJ', 'plenty_NOUN')",1
15485,"('go_ADJ', 'home_NOUN')",1
15488,"('distant_ADJ', 'rim_NOUN')",1
13983,"('different_ADJ', 'potential_ADJ')",1
13977,"('probiotic_ADJ', 'bacteria_NOUN')",1
13976,"('many_ADJ', 'probiotic_ADJ')",1
13971,"('bowel_ADJ', 'disease_NOUN')",1
13965,"('immuno_ADJ', 'system_NOUN')",1
15503,"('mere_ADJ', 'complexion_NOUN')",1
13984,"('potential_ADJ', 'role_NOUN')",1
13996,"('stop_NOUN', 'bloating_NOUN')",1
14144,"('knock_ADJ', 'spot_NOUN')",1
14143,"('Metro_NOUN', 'knock_ADJ')",1
14139,"('wi_ADJ', 'fi_NOUN')",1
14133,"('leather_ADJ', 'seat_NOUN')",1
14132,"('card_NOUN', 'leather_ADJ')",1
14129,"('driverless_NOUN', 'train_NOUN')",1
14128,"('chic_ADJ', 'driverless_NOUN')",1
15473,"('furze_ADJ', 'cutter_NOUN')",1
14167,"('ticket_NOUN', 'cost_NOUN')",1
14166,"('class_NOUN', 'ticket_NOUN')",1
14163,"('seat_ADJ', 'comfort_NOUN')",1
14125,"('rush_ADJ', 'hour_NOUN')",1
14090,"('station_NOUN', 'stop_NOUN')",1
14089,"('line_NOUN', 'station_NOUN')",1
14081,"('first_ADJ', 'season_NOUN')",1
14080,"('full_ADJ', 'first_ADJ')",1
14071,"('reinvention_NOUN', 'isn’t_NOUN')",1
14117,"('new_ADJ', 'Dubai_NOUN')",1
14115,"('strip_NOUN', 'hotel_NOUN')",1
14106,"('flip_ADJ', 'side_NOUN')",1
8654,"('security_NOUN', 'staff_NOUN')",1
8651,"('sell_NOUN', 'Custom_NOUN')",1
8650,"('tough_ADJ', 'sell_NOUN')",1
8642,"('’ve_ADJ', 'got_NOUN')",1
8636,"('human_ADJ', 'smuggling_NOUN')",1
8680,"('catch_ADJ', 'passenger_NOUN')",1
8676,"('airport_NOUN', 'security_NOUN')",1
8669,"('animal_ADJ', 'trafficking_NOUN')",1
8588,"('airport_NOUN', 'official_ADJ')",1
8585,"('train_NOUN', 'class_NOUN')",1
8581,"('Suvarnabhumi_ADJ', 'airport_NOUN')",1
8627,"('article_NOUN', 'alcohol_NOUN')",1
8626,"('smuggled_ADJ', 'article_NOUN')",1
8614,"('customs_ADJ', 'officer_NOUN')",1
8606,"('protecting_NOUN', 'wildlife_NOUN')",1
8601,"('raising_ADJ', 'awareness_NOUN')",1
8786,"('region_ADJ', 'security_NOUN')",1
8794,"('wildlife_NOUN', 'enforcement_NOUN')",1
8793,"('regional_ADJ', 'wildlife_NOUN')",1
8785,"('cooperation_NOUN', 'region_ADJ')",1
8784,"('region_ADJ', 'cooperation_NOUN')",1
8783,"('law_NOUN', 'region_ADJ')",1
8770,"('organize_ADJ', 'crime_NOUN')",1
8832,"('attack_NOUN', 'survivor_NOUN')",1
8829,"('inspector_NOUN', 'study_NOUN')",1
8828,"('past_ADJ', 'inspector_NOUN')",1
8822,"('endangered_ADJ', 'animal_NOUN')",1
8814,"('low_ADJ', 'fine_NOUN')",1
8812,"('traffick_NOUN', 'law_NOUN')",1
8811,"('weak_ADJ', 'traffick_NOUN')",1
8724,"('Asian_ADJ', 'Nation_NOUN')",1
8723,"('Southeast_ADJ', 'Asian_ADJ')",1
8734,"('environment_NOUN', 'director_NOUN')",1
8712,"('international_ADJ', 'Development_NOUN')",1
8733,"('regional_ADJ', 'environment_NOUN')",1
8765,"('scale_NOUN', 'trafficking_NOUN')",1
8758,"('scale_NOUN', 'poaching_NOUN')",1
8752,"('wildlife_ADJ', 'trafficking_NOUN')",1
8747,"('foreign_ADJ', 'policy_NOUN')",1
8743,"('challenge_NOUN', 'important_ADJ')",1
8742,"('transnational_ADJ', 'challenge_NOUN')",1
8555,"('anim_ADJ', 'trafficking_NOUN')",1
8372,"('effect_NOUN', 'vary_NOUN')",1
8371,"('biologic_ADJ', 'effect_NOUN')",1
8361,"('specific_ADJ', 'location_NOUN')",1
8377,"('environment_NOUN', 'genetic_NOUN')",1
8399,"('snake_ADJ', 'farm_NOUN')",1
8394,"('similar_ADJ', 'snake_NOUN')",1
8386,"('spitting_NOUN', 'cobra_NOUN')",1
8292,"('thousand_NOUN', 'die_NOUN')",1
8298,"('lose_NOUN', 'limb_NOUN')",1
8297,"('thousand_NOUN', 'lose_NOUN')",1
8343,"('adequate_ADJ', 'supplie_NOUN')",1
8336,"('poorer_NOUN', 'country_NOUN')",1
8335,"('mean_ADJ', 'poorer_NOUN')",1
8332,"('high_ADJ', 'cost_NOUN')",1
8322,"('global_ADJ', 'scarcity_NOUN')",1
8318,"('medical_ADJ', 'help_NOUN')",1
8312,"('country_NOUN', 'many_ADJ')",1
8413,"('bite_NOUN', 'people_NOUN')",1
8510,"('world_NOUN', 'right_ADJ')",1
8507,"('market_NOUN', 'form_NOUN')",1
8506,"('black_NOUN', 'market_NOUN')",1
8505,"('biggest_ADJ', 'black_NOUN')",1
8504,"('third_ADJ', 'biggest_ADJ')",1
8521,"('drug_NOUN', 'gang_NOUN')",1
8499,"('illegal_ADJ', 'trade_NOUN')",1
8488,"('exotic_ADJ', 'pet_NOUN')",1
8487,"('expensive_ADJ', 'exotic_ADJ')",1
8554,"('global_ADJ', 'anim_ADJ')",1
8549,"('profit_NOUN', 'margin_NOUN')",1
8436,"('snake_NOUN', 'bite_NOUN')",1
8429,"('best_ADJ', 'way_NOUN')",1
8425,"('rubber_NOUN', 'boot_NOUN')",1
8419,"('learn_ADJ', 'way_NOUN')",1
8470,"('medicinal_ADJ', 'value_NOUN')",1
8460,"('exotic_ADJ', 'meat_NOUN')",1
9226,"('good_ADJ', 'advice_NOUN')",1
9209,"('rival_ADJ', 'network_NOUN')",1
9203,"('various_ADJ', 'location_NOUN')",1
9254,"('foreign_ADJ', 'plane_NOUN')",1
9238,"('military_ADJ', 'censor_NOUN')",1
9237,"('Dutch_ADJ', 'military_ADJ')",1
9198,"('female_ADJ', 'correspondent_NOUN')",1
9137,"('newspaper_NOUN', 'reporter_NOUN')",1
9136,"('British_ADJ', 'newspaper_NOUN')",1
9197,"('first_ADJ', 'female_ADJ')",1
9190,"('photographer_ADJ', 'Mary_NOUN')",1
9179,"('broadcaster_NOUN', 'famous_ADJ')",1
9178,"('American_ADJ', 'broadcaster_NOUN')",1
9267,"('government_NOUN', 'building_NOUN')",1
9369,"('reporting_NOUN', 'job_NOUN')",1
9368,"('full-time_ADJ', 'reporting_NOUN')",1
9353,"('last_ADJ', 'broadcast_NOUN')",1
9400,"('women_ADJ', 'correspondent_NOUN')",1
9399,"('American_ADJ', 'women_ADJ')",1
9394,"('second_ADJ', 'none_NOUN')",1
9392,"('World_NOUN', 'war_NOUN')",1
9285,"('first_ADJ', 'day_NOUN')",1
9321,"('coal_ADJ', 'barge_NOUN')",1
9128,"('several_ADJ', 'language_NOUN')",1
8929,"('higher_ADJ', 'risk_NOUN')",1
8910,"('cause_NOUN', 'bleeding_NOUN')",1
8974,"('clopidogrel_ADJ', 'alone_ADJ')",1
8968,"('inhibitor_ADJ', 'medication_NOUN')",1
8951,"('thousand_NOUN', 'patient_NOUN')",1
8947,"('popular_ADJ', 'PPIs_NOUN')",1
8866,"('popular_ADJ', 'drug_NOUN')",1
8903,"('clot_NOUN', 'heart_NOUN')",1
8902,"('blood_NOUN', 'clot_NOUN')",1
8901,"('prevent_ADJ', 'blood_NOUN')",1
8895,"('generic_ADJ', 'name_NOUN')",1
8881,"('medicine_NOUN', 'sort_NOUN')",1
8880,"('thinning_NOUN', 'medicine_NOUN')",1
8879,"('bloo_ADJ', 'thinning_NOUN')",1
8980,"('percent_ADJ', 'increased_ADJ')",1
9071,"('American_ADJ', 'audience_NOUN')",1
9066,"('shortwave_NOUN', 'radio_NOUN')",1
9063,"('woman_NOUN', 'correspondent_NOUN')",1
9062,"('first_ADJ', 'woman_NOUN')",1
9058,"('radio_NOUN', 'network_NOUN')",1
9013,"('PPI_ADJ', 'medication_NOUN')",1
9017,"('strong_ADJ', 'compelling_ADJ')",1
9018,"('compelling_ADJ', 'reason_NOUN')",1
9047,"('association_NOUN', 'Margaret_NOUN')",1
9031,"('stomach_NOUN', 'bleed_NOUN')",1
9408,"('’t_ADJ', 'find_NOUN')",1
7413,"('different_ADJ', 'component_NOUN')",1
7497,"('frightful_ADJ', 'sight_NOUN')",1
7492,"('old_ADJ', 'self_NOUN')",1
7516,"('new_ADJ', 'face_NOUN')",1
7535,"('first_ADJ', 'option_NOUN')",1
7538,"('last_ADJ', 'resort_NOUN')",1
7521,"('kidney_NOUN', 'disease_NOUN')",1
7429,"('artery_NOUN', 'vein_NOUN')",1
7428,"('structure_NOUN', 'artery_NOUN')",1
7445,"('upper_ADJ', 'eyelid_NOUN')",1
7422,"('tissue_NOUN', 'type_NOUN')",1
7421,"('different_ADJ', 'tissue_NOUN')",1
7460,"('’s_NOUN', 'able_ADJ')",1
7453,"('eat_NOUN', 'hamburger_NOUN')",1
7550,"('familiar_ADJ', 'story_NOUN')",1
7552,"('major_ADJ', 'athlete_NOUN')",1
7658,"('great_ADJ', 'study_NOUN')",1
7651,"('might_ADJ', 'cause_NOUN')",1
7641,"('many_ADJ', 'people_NOUN')",1
7626,"('personal_ADJ', 'trainer_NOUN')",1
7662,"('term_NOUN', 'effect_NOUN')",1
7623,"('recreational_ADJ', 'athlete_NOUN')",1
7696,"('Thirty_NOUN', 'percent_NOUN')",1
7695,"('drug_NOUN', 'Thirty_NOUN')",1
7682,"('know_ADJ', 'steroid_NOUN')",1
7677,"('negative_ADJ', 'impact_NOUN')",1
7577,"('greatest_ADJ', 'player_NOUN')",1
7566,"('Marion_NOUN', 'Jones_NOUN')",1
7563,"('use_NOUN', 'former_NOUN')",1
7559,"('evidence_NOUN', 'surface_NOUN')",1
7556,"('drug_NOUN', 'test_NOUN')",1
7596,"('banned_ADJ', 'substance_NOUN')",1
7699,"('weight_NOUN', 'lifter_NOUN')",1
7203,"('len_NOUN', 'patient_NOUN')",1
7202,"('natural_ADJ', 'len_NOUN')",1
7197,"('plastic_ADJ', 'lens_NOUN')",1
7190,"('self_ADJ', 'healing_NOUN')",1
7189,"('small_ADJ', 'self_ADJ')",1
7183,"('minor_ADJ', 'surgery_NOUN')",1
7174,"('vast_ADJ', 'improvement_NOUN')",1
7245,"('technology_NOUN', 'come_NOUN')",1
7129,"('perfect_ADJ', 'vision_NOUN')",1
7124,"('college_NOUN', 'student_NOUN')",1
7123,"('old_ADJ', 'college_NOUN')",1
7165,"('result_NOUN', '“Patient_NOUN')",1
7153,"('low_ADJ', 'vision_NOUN')",1
7150,"('laser_ADJ', 'surgery_NOUN')",1
7135,"('contact_ADJ', 'lens_NOUN')",1
7396,"('solid_ADJ', 'food_NOUN')",1
7410,"('complex_ADJ', 'doctor_NOUN')",1
7407,"('tremendous_ADJ', 'pain_NOUN')",1
7389,"('surgical_ADJ', 'team_NOUN')",1
7283,"('American_ADJ', 'Academy_NOUN')",1
7317,"('new_ADJ', 'lens_NOUN')",1
7698,"('male_ADJ', 'weight_NOUN')",1
8081,"('treaty_NOUN', 'guideline_NOUN')",1
8074,"('similar_ADJ', 'experiment_NOUN')",1
8108,"('Russian_ADJ', 'station_NOUN')",1
8009,"('research_NOUN', 'station_NOUN')",1
8023,"('Antarctic_ADJ', 'program_NOUN')",1
8002,"('increased_ADJ', 'tourism_NOUN')",1
7999,"('tourism_NOUN', 'limit_NOUN')",1
7998,"('mandatory_ADJ', 'tourism_NOUN')",1
8024,"('program_NOUN', 'Jose_NOUN')",1
8056,"('many_ADJ', 'station_NOUN')",1
8054,"('’t_ADJ', 'think_NOUN')",1
8050,"('new_ADJ', 'building_NOUN')",1
8045,"('Korean_ADJ', 'station_NOUN')",1
8212,"('prey_NOUN', 'farmer_NOUN')",1
8205,"('venomous_ADJ', 'snake_NOUN')",1
8201,"('spitting_NOUN', 'cobrum_NOUN')",1
8255,"('good_ADJ', 'chance_NOUN')",1
8269,"('farm_ADJ', 'owner_NOUN')",1
8152,"('friendly_ADJ', 'alternative_NOUN')",1
8148,"('operating_ADJ', 'procedure_NOUN')",1
8137,"('environmental_ADJ', 'protection_NOUN')",1
8180,"('cold_ADJ', 'temperature_NOUN')",1
8174,"('human_ADJ', 'impact_NOUN')",1
7990,"('Antarctic_ADJ', 'treaty_NOUN')",1
7988,"('member_NOUN', 'nation_NOUN')",1
7987,"('bigger_ADJ', 'member_NOUN')",1
7807,"('“it_NOUN', 'place_NOUN')",1
7796,"('easy_ADJ', 'journey_NOUN')",1
7812,"('adventure_NOUN', 'tourist_NOUN')",1
7818,"('season_NOUN', 'set_NOUN')",1
7817,"('tourism_NOUN', 'season_NOUN')",1
7733,"('substance_NOUN', 'steroid_NOUN')",1
7709,"('steroid_NOUN', 'use_NOUN')",1
7732,"('addictive_ADJ', 'substance_NOUN')",1
7767,"('steroid_NOUN', 'researchers_NOUN')",1
7760,"('body_ADJ', 'image_NOUN')",1
7757,"('large_ADJ', 'focus_NOUN')",1
7745,"('athletic_ADJ', 'performance_NOUN')",1
7936,"('Antarctic_ADJ', 'Peninsula_NOUN')",1
7927,"('Antarctic_ADJ', 'tourism_NOUN')",1
7924,"('international_ADJ', 'association_NOUN')",1
7922,"('fish_NOUN', 'mammal_NOUN')",1
7952,"('human_ADJ', 'presence_NOUN')",1
7976,"('give_ADJ', 'time_NOUN')",1
7961,"('impact_ADJ', 'area_NOUN')",1
7867,"('leak_ADJ', 'gasoline_NOUN')",1
7881,"('small_ADJ', 'spill_NOUN')",1
7873,"('pristine_ADJ', 'water_NOUN')",1
7884,"('fragile_ADJ', 'environment_NOUN')",1
7860,"('touristic_ADJ', 'ship_NOUN')",1
7856,"('main_ADJ', 'problem_NOUN')",1
7909,"('food_NOUN', 'chain_NOUN')",1
7908,"('Antarctic_ADJ', 'food_NOUN')",1
7893,"('vulnerable_ADJ', 'creature_NOUN')",1
11263,"('important_ADJ', 'role_NOUN')",1
11281,"('Ranger_NOUN', 'space_NOUN')",1
11277,"('first_ADJ', 'thing_NOUN')",1
11272,"('outer_ADJ', 'edge_NOUN')",1
11269,"('distant_ADJ', 'world_NOUN')",1
11166,"('brake_NOUN', 'pedal_ADJ')",1
11158,"('emergency_ADJ', 'brake_NOUN')",1
11153,"('brake_NOUN', 'pedal_NOUN')",1
11149,"('side_NOUN', 'mirror_NOUN')",1
11137,"('belt_NOUN', 'Insert_ADJ')",1
11216,"('left_ADJ', 'get_NOUN')",1
11205,"('intersection_NOUN', 'get_NOUN')",1
11179,"('knob_NOUN', 'stop_NOUN')",1
11194,"('traffic_ADJ', 'light_NOUN')",1
11191,"('intersection_NOUN', 'stop_NOUN')",1
11182,"('stop_ADJ', 'sign_NOUN')",1
11394,"('phoenix_NOUN', 'lander_NOUN')",1
11407,"('fact_NOUN', 'launch_ADJ')",1
11389,"('planet_NOUN', 'evidence_NOUN')",1
11388,"('red_ADJ', 'planet_NOUN')",1
11385,"('spectacular_ADJ', 'panorama_NOUN')",1
11408,"('launch_ADJ', 'probe_NOUN')",1
11435,"('Smithsonian_ADJ', '’s_NOUN')",1
11430,"('space_NOUN', 'historian_ADJ')",1
11320,"('manned_ADJ', 'Apollo_NOUN')",1
11330,"('lunar_ADJ', 'orbiter_NOUN')",1
11324,"('best_ADJ', 'photograph_NOUN')",1
11321,"('Apollo_NOUN', 'landing_NOUN')",1
11308,"('later_ADJ', 'probe_NOUN')",1
11307,"('surface_NOUN', 'later_ADJ')",1
11372,"('best_ADJ', 'place_NOUN')",1
11136,"('seat_ADJ', 'belt_NOUN')",1
11133,"('view_NOUN', 'mirror_NOUN')",1
10945,"('action_NOUN', 'verb_NOUN')",1
10936,"('different_ADJ', 'ingredient_NOUN')",1
10935,"('many_ADJ', 'different_ADJ')",1
10931,"('many_ADJ', 'way_NOUN')",1
10927,"('american_ADJ', 'dish_NOUN')",1
10926,"('popular_ADJ', 'american_ADJ')",1
10949,"('main_ADJ', 'ingredient_NOUN')",1
10982,"('boiling_ADJ', 'water_NOUN')",1
10952,"('potato_NOUN', 'salad_NOUN')",1
10880,"('sexual_ADJ', 'peak_NOUN')",1
10871,"('incubation_NOUN', 'scientist_NOUN')",1
10870,"('initial_ADJ', 'incubation_NOUN')",1
10855,"('george_NOUN', '’s_NOUN')",1
10910,"('sle_ADJ', 'chance_NOUN')",1
10907,"('officail_ADJ', 'say_NOUN')",1
10906,"('park_NOUN', 'officail_ADJ')",1
10899,"('fatherhood_NOUN', 'scientist_NOUN')",1
11085,"('little_ADJ', 'paprika_NOUN')",1
11064,"('little_ADJ', 'salt_NOUN')",1
11063,"('little_ADJ', 'pepper_NOUN')",1
11132,"('rear_ADJ', 'view_NOUN')",1
11129,"('seat_ADJ', 'position_NOUN')",1
11049,"('pieces.First_ADJ', 'slice_NOUN')",1
11037,"('cucumber_NOUN', 'mean_NOUN')",1
11031,"('use_NOUN', 'part_NOUN')",1
11030,"('parts.Now_ADJ', 'use_NOUN')",1
11029,"('smaller_ADJ', 'parts.Now_ADJ')",1
11805,"('remote_ADJ', 'village_NOUN')",1
11800,"('huge_ADJ', 'need_NOUN')",1
11818,"('care_NOUN', 'exist_NOUN')",1
11836,"('sophomore_ADJ', 'year_NOUN')",1
11826,"('duel_ADJ', 'degree_NOUN')",1
11743,"('community_NOUN', 'center_NOUN')",1
11735,"('student_ADJ', 'organization_NOUN')",1
11734,"('small_ADJ', 'student_ADJ')",1
11733,"('small_ADJ', 'idea_NOUN')",1
11721,"('eye_NOUN', 'disease_NOUN')",1
11720,"('avoidable_ADJ', 'eye_NOUN')",1
11746,"('basic_ADJ', 'vision_NOUN')",1
11773,"('successful_ADJ', 'model_NOUN')",1
11747,"('vision_NOUN', 'screening_NOUN')",1
11754,"('coverage_NOUN', 'program_NOUN')",1
11753,"('health_NOUN', 'coverage_NOUN')",1
11752,"('free_ADJ', 'health_NOUN')",1
11948,"('social_ADJ', 'entrepreneur_NOUN')",1
11969,"('mister_NOUN', 'Cruise_NOUN')",1
11953,"('social_ADJ', 'problem_NOUN')",1
11960,"('innovative_ADJ', 'solution_NOUN')",1
11957,"('entrepreneurial_ADJ', 'skill_NOUN')",1
11883,"('know_ADJ', 'anyone_NOUN')",1
11861,"('Pakistani_ADJ', 'soldier_NOUN')",1
11904,"('trade_NOUN', 'right_ADJ')",1
11898,"('older_ADJ', 'westerner_NOUN')",1
11895,"('night_ADJ', 'bazaar_NOUN')",1
11891,"('child_NOUN', 'young_ADJ')",1
11528,"('thousand_NOUN', 'kilometer_NOUN')",1
11511,"('’t_ADJ', 'thought_NOUN')",1
11571,"('image_ADJ', 'capability_NOUN')",1
11567,"('space_NOUN', 'telescope_NOUN')",1
11563,"('Shuttle_ADJ', 'astronaut_NOUN')",1
11562,"('space_NOUN', 'Shuttle_ADJ')",1
11556,"('spectacular_ADJ', 'image_NOUN')",1
11468,"('larger_ADJ', 'moon_NOUN')",1
11459,"('gravitational_ADJ', 'perspective_NOUN')",1
11452,"('real_ADJ', 'hold_NOUN')",1
11501,"('incredible_ADJ', 'period_NOUN')",1
11479,"('project_NOUN', 'scientist_NOUN')",1
11657,"('tertiary_ADJ', 'care_NOUN')",1
11673,"('preventable_ADJ', 'blindness_NOUN')",1
11669,"('eye_ADJ', 'health_NOUN')",1
11652,"('find_NOUN', 'patient_NOUN')",1
11680,"('thousand_NOUN', 'volunteer_NOUN')",1
11639,"('operating_ADJ', 'room_NOUN')",1
11599,"('stark_ADJ', 'contrast_NOUN')",1
11592,"('art_NOUN', 'office_NOUN')",1
11630,"('eye_ADJ', 'screening_NOUN')",1
11609,"('teenage_NOUN', 'daughter_NOUN')",1
11615,"('last_ADJ', 'summer_NOUN')",1
9791,"('Irish_ADJ', 'descent_NOUN')",1
9789,"('parade_NOUN', 'people_NOUN')",1
9786,"('largest_ADJ', 'st_NOUN')",1
9766,"('band_NOUN', 'bagpiper_NOUN')",1
9813,"('Irish_ADJ', 'celebrate_NOUN')",1
9820,"('gree_ADJ', 'beer_NOUN')",1
9819,"('beer_NOUN', 'gree_ADJ')",1
9816,"('drinking_ADJ', 'plenty_NOUN')",1
9812,"('honorary_ADJ', 'Irish_ADJ')",1
9809,"('Irish_ADJ', 'Americans_NOUN')",1
9801,"('parade_NOUN', 'end_NOUN')",1
9763,"('tough_ADJ', 'time_NOUN')",1
9706,"('black_NOUN', 'man_NOUN')",1
9760,"('nation_NOUN', 'brace_NOUN')",1
9756,"('little_ADJ', 'humor_NOUN')",1
9754,"('historian_ADJ', 'Alan_ADJ')",1
9751,"('perilous_ADJ', 'time_NOUN')",1
9731,"('right_ADJ', 'wing_ADJ')",1
9743,"('enough_ADJ', 'humor_NOUN')",1
9736,"('opponent_NOUN', 'mister_NOUN')",1
9733,"('television_NOUN', 'commentator_NOUN')",1
9732,"('wing_ADJ', 'television_NOUN')",1
9829,"('’t_ADJ', 'start_NOUN')",1
9929,"('cheis_ADJ', 'crowd_NOUN')",1
9923,"('health_NOUN', 'benefit_NOUN')",1
9914,"('resveratrol_NOUN', 'Student_NOUN')",1
9910,"('modify_ADJ', 'brewer_NOUN')",1
9960,"('little_ADJ', 'healthier_NOUN')",1
9852,"('antioxidant_NOUN', 'much_ADJ')",1
9849,"('vitamin_NOUN', 'mineral_NOUN')",1
9846,"('nutritional_ADJ', 'value_NOUN')",1
9835,"('bar_ADJ', 'patron_NOUN')",1
9891,"('bioengineer_NOUN', 'student_NOUN')",1
9885,"('coronary_ADJ', 'heart_NOUN')",1
9881,"('lower_ADJ', 'mortality_NOUN')",1
9875,"('year_NOUN', 'study_NOUN')",1
9874,"('recent_ADJ', 'year_NOUN')",1
9867,"('red_ADJ', 'wine_NOUN')",1
9513,"('sober_ADJ', 'time_NOUN')",1
9499,"('crisis_NOUN', 'mister_NOUN')",1
9498,"('economic_ADJ', 'crisis_NOUN')",1
9495,"('tough_ADJ', 'talk_NOUN')",1
9546,"('government_NOUN', 'spending_NOUN')",1
9541,"('serious_ADJ', 'talk_NOUN')",1
9534,"('presidential_ADJ', 'historian_ADJ')",1
9528,"('lighter_ADJ', 'side_NOUN')",1
9525,"('American_ADJ', 'people_NOUN')",1
9523,"('sober_ADJ', 'talk_NOUN')",1
9432,"('green_ADJ', 'tie_NOUN')",1
9438,"('prime_ADJ', 'minister_NOUN')",1
9448,"('“It_ADJ', 'turn_NOUN')",1
9422,"('holiday_NOUN', 'president_NOUN')",1
9421,"('Irish_ADJ', 'holiday_NOUN')",1
9447,"('humor_NOUN', '“It_ADJ')",1
9471,"('great_ADJ', 'grandfather_NOUN')",1
9470,"('great_ADJ', 'great_ADJ')",1
9469,"('great_NOUN', 'great_ADJ')",1
9644,"('presidential_ADJ', 'campaign_NOUN')",1
9656,"('presidential_ADJ', 'candidate_NOUN')",1
9643,"('tense_ADJ', 'presidential_ADJ')",1
9636,"('Lichtman_NOUN', 'mister_NOUN')",1
9628,"('politic_ADJ', 'figure_NOUN')",1
9661,"('annual_ADJ', 'Al_ADJ')",1
9678,"('natural_ADJ', 'wit_NOUN')",1
9665,"('York_NOUN', 'mister_NOUN')",1
9587,"('new_ADJ', 'fleet_NOUN')",1
9579,"('presidential_ADJ', 'rival_NOUN')",1
9578,"('former_ADJ', 'presidential_ADJ')",1
9570,"('fiscal_ADJ', 'responsibility_NOUN')",1
9569,"('recent_ADJ', 'fiscal_ADJ')",1
9592,"('white_NOUN', 'house_NOUN')",1
9618,"('think_NOUN', 'humor_NOUN')",1
9617,"('“I_ADJ', 'think_NOUN')",1
9596,"('responsible_ADJ', 'mister_NOUN')",1
10675,"('reproduction_NOUN', 'center_NOUN')",1
10706,"('opposite_ADJ', 'sex_NOUN')",1
10697,"('related_ADJ', 'subspecy_NOUN')",1
10694,"('countless_ADJ', 'female_NOUN')",1
10274,"('grow_ADJ', 'concern_NOUN')",1
10263,"('killing_NOUN', 'last_ADJ')",1
10262,"('drug-related_ADJ', 'killing_NOUN')",1
10305,"('state_NOUN', 'Department_NOUN')",1
10286,"('national_ADJ', 'security_NOUN')",1
10796,"('news_NOUN', 'conference_NOUN')",1
10795,"('a-kind_ADJ', 'news_NOUN')",1
10790,"('bad_ADJ', 'news_NOUN')",1
10818,"('much_ADJ', 'weight_NOUN')",1
10783,"('tortoise_NOUN', 'egg_NOUN')",1
10845,"('norm_ADJ', 'egg_NOUN')",1
10844,"('rounder_NOUN', 'norm_ADJ')",1
10841,"('live_ADJ', 'young_ADJ')",1
10832,"('good_ADJ', 'sign_NOUN')",1
10821,"('development_NOUN', 'process_NOUN')",1
10742,"('enormous_ADJ', 'effort_NOUN')",1
10739,"('effort_NOUN', 'whatsoever_ADJ')",1
10738,"('reproductive_ADJ', 'effort_NOUN')",1
10726,"('Park_NOUN', 'scientist_ADJ')",1
10766,"('Park_NOUN', 'ranger_NOUN')",1
10760,"('incubator_NOUN', 'several_ADJ')",1
10073,"('Ciudad_ADJ', 'Juarez_NOUN')",1
10066,"('Mexican_ADJ', 'troop_NOUN')",1
10108,"('politic_ADJ', 'stability_NOUN')",1
10101,"('future_ADJ', 'stability_NOUN')",1
10084,"('leave_ADJ', 'hundred_NOUN')",1
10081,"('drug_NOUN', 'violence_NOUN')",1
10007,"('e_ADJ', 'mail_NOUN')",1
10006,"('personal_ADJ', 'e_ADJ')",1
9987,"('high_ADJ', 'demand_NOUN')",1
9979,"('progress_NOUN', 'Student_NOUN')",1
10017,"('‘we_ADJ', '’re_NOUN')",1
10113,"('American_ADJ', 'expert_NOUN')",1
10214,"('powerful_ADJ', 'drug_NOUN')",1
10194,"('percent_ADJ', 'came_NOUN')",1
10227,"('major_ADJ', 'cartel_NOUN')",1
10139,"('resource_NOUN', 'available_ADJ')",1
10124,"('enforcement_NOUN', 'problem_NOUN')",1
10123,"('law_NOUN', 'enforcement_NOUN')",1
10121,"('serious_ADJ', 'problem_NOUN')",1
10165,"('country_NOUN', 'Mexican_ADJ')",1
10175,"('Mexican_ADJ', 'president_NOUN')",1
10166,"('Mexican_ADJ', 'authority_NOUN')",1
10159,"('sophisticated_ADJ', 'weapon_NOUN')",1
16095,"('swarthy_ADJ', 'monotony_NOUN')",1
