,trigram,freq
6536,"('high_ADJ', 'blood_NOUN', 'pressure_NOUN')",8
5842,"('second_ADJ', 'hand_NOUN', 'smoke_NOUN')",8
4390,"('many_ADJ', 'many_ADJ', 'many_ADJ')",6
6822,"('American_ADJ', 'medical_ADJ', 'association_NOUN')",5
6744,"('cholesterol_NOUN', 'tobacco_ADJ', 'use_NOUN')",4
6748,"('obesity_NOUN', 'physical_ADJ', 'inactivity_NOUN')",4
6747,"('diabetes_NOUN', 'obesity_NOUN', 'physical_ADJ')",4
6746,"('use_NOUN', 'diabetes_NOUN', 'obesity_NOUN')",4
6745,"('tobacco_ADJ', 'use_NOUN', 'diabetes_NOUN')",4
6743,"('high_ADJ', 'cholesterol_NOUN', 'tobacco_ADJ')",4
6782,"('people_NOUN', '’s_ADP', 'blood_NOUN')",4
6742,"('pressure_NOUN', 'high_ADJ', 'cholesterol_NOUN')",4
6741,"('blood_NOUN', 'pressure_NOUN', 'high_ADJ')",4
6771,"('disease_NOUN', 'earlier_PROPN', 'research_NOUN')",4
6769,"('cause_NOUN', 'heart_NOUN', 'disease_NOUN')",4
9001,"('barrier_NOUN', 'white_SCONJ', 'kid_NOUN')",4
6733,"('traditional_ADJ', 'risk_NOUN', 'factor_NOUN')",4
6501,"('common_ADJ', 'electric_ADJ', 'iron_NOUN')",4
6518,"('small_ADJ', 'machine_NOUN', 'cardiovascular_ADJ')",4
6519,"('machine_NOUN', 'cardiovascular_ADJ', 'disease_NOUN')",4
6516,"('paper_NOUN', 'use_VERB', 'small_ADJ')",4
6514,"('people_NOUN', 'make_VERB', 'paper_NOUN')",4
9022,"('chart_NOUN', 'topping_NOUN', 'album_NOUN')",4
6463,"('small_ADJ', 'wire_ADJ', 'square_NOUN')",4
6532,"('heart_NOUN', 'attack_NOUN', 'stroke_NOUN')",4
6569,"('cardiovascular_ADJ', 'disease_NOUN', 'researcher_NOUN')",4
7076,"('family_NOUN', 'look_VERB', 'fresh_ADJ')",4
7057,"('pair_NOUN', 'per_ADP', 'child_NOUN')",4
7024,"('great_ADJ', 'deal_ADJ', 'longer_NOUN')",4
7055,"('stocking_NOUN', 'two_NUM', 'pair_NOUN')",4
7187,"('little_ADJ', 'bit_NOUN', 'weak_NOUN')",4
7139,"('energy_NOUN', 'mrs_NOUN', 'Sommer_NOUN')",4
6860,"('current_ADJ', 'growth_NOUN', 'rates_NOUN')",4
6904,"('Sommer_NOUN', 'one_NUM', 'day_NOUN')",4
6902,"('little_ADJ', 'mrs_NOUN', 'Sommer_NOUN')",4
6900,"('part_NOUN', '1_NUM', 'little_ADJ')",4
6835,"('half_ADJ', 'million_NUM', 'people_NOUN')",4
6856,"('middle_ADJ', 'income_NOUN', 'country_NOUN')",4
6931,"('worn_ADJ', 'money_NOUN', 'holder_NOUN')",4
5937,"('researcher_NOUN', 'examin_VERB', 'datum_NOUN')",4
5905,"('hand_NOUN', 'smeak_ADP', 'exposure_NOUN')",4
9085,"('final_ADJ', 'show_ADJ', 'performance_NOUN')",4
5932,"('attack_NOUN', 'add_VERB', 'Dr_NOUN')",4
5844,"('smoke_NOUN', 'within_ADP', 'minute_NOUN')",4
5887,"('report_NOUN', '’s_DET', 'principal_ADJ')",4
5873,"('reduce_NOUN', 'heart_NOUN', 'attack_NOUN')",4
5872,"('ban_NOUN', 'reduce_NOUN', 'heart_NOUN')",4
5992,"('explain_NOUN', '“but_ADP', 'despite_NOUN')",4
6037,"('impossible_ADJ', '“most_ADJ', 'people_NOUN')",4
5950,"('ban_NOUN', 'reduced_ADJ', 'heart_NOUN')",4
5951,"('reduced_ADJ', 'heart_NOUN', 'attack_NOUN')",4
9183,"('world_NOUN', 'say_VERB', 'goodbye_NOUN')",4
5798,"('control_NOUN', 'show_VERB', 'heart_NOUN')",4
5818,"('space_NOUN', 'new_ADJ', 'research_NOUN')",4
5817,"('public_ADJ', 'space_NOUN', 'new_ADJ')",4
5777,"('place_NOUN', 'fewer_ADJ', 'people_NOUN')",4
5776,"('public_ADJ', 'place_NOUN', 'fewer_ADJ')",4
9045,"('frequent_NOUN', 'plastic_ADJ', 'surgery_NOUN')",4
6287,"('century_NOUN', 'today_ADV', 'pap_ADJ')",4
6328,"('reason_NOUN', 'colore_VERB', 'paper_NOUN')",4
6321,"('printing_NOUN', 'old_ADJ', 'envelope_NOUN')",4
6246,"('flat_NOUN', 'thin_ADP', 'form_NOUN')",4
6404,"('substance_NOUN', 'leave_ADJ', 'call_ADJ')",4
6405,"('leave_ADJ', 'call_ADJ', 'pulp_NOUN')",4
6340,"('newspaper_NOUN', 'small_ADJ', 'piece_NOUN')",4
6102,"('attack_NOUN', 'Neighbor_VERB', 'area_NOUN')",4
6129,"('kill_NOUN', 'one_NUM', 'person_NOUN')",4
6113,"('heart_NOUN', 'attack_NOUN', 'rate_NOUN')",4
6053,"('first_ADJ', 'heart_NOUN', 'attack_NOUN')",4
6054,"('heart_NOUN', 'attack_NOUN', 'Dr_NOUN')",4
6080,"('people_NOUN', 'suffer_VERB', 'heart_NOUN')",4
6078,"('study_NOUN', '400_NUM', 'people_NOUN')",4
6209,"('process_NOUN', 'produce_VERB', 'paper_NOUN')",4
6197,"('modern_ADJ', 'paper_NOUN', 'make_NOUN')",4
6196,"('plant_NOUN', 'modern_ADJ', 'paper_NOUN')",4
6195,"('papyrus_ADJ', 'plant_NOUN', 'modern_ADJ')",4
6213,"('cloth_NOUN', 'straw_ADJ', 'wood_NOUN')",4
6155,"('people_NOUN', '’s_DET', 'cigarette_NOUN')",4
8342,"('forever_NOUN', 'Sixteen_PROPN', 'year_NOUN')",4
8292,"('sharp_NOUN', 'eyes_INTJ', 'sat_NOUN')",4
8278,"('dream_NOUN', 'end_VERB', 'mrs_NOUN')",4
8414,"('school_NOUN', 'teach_NOUN', 'student_NOUN')",4
8893,"('rock_NOUN', 'orient_VERB', 'Mtfifth_ADJ')",4
8364,"('schoolwork_NOUN', '“I_ADJ', '’m_NOUN')",4
8363,"('traditional_ADJ', 'schoolwork_NOUN', '“I_ADJ')",4
8378,"('summer_NOUN', 'vacation_NOUN', 'Diaz_NOUN')",4
8244,"('women_NOUN', 'one_NUM', 'woman_NOUN')",4
8177,"('day_NOUN', 'eat_VERB', 'sweet_NOUN')",4
8719,"('difficult_ADJ', 'academic_ADJ', 'subject_NOUN')",4
8751,"('voice_NOUN', 'influence_VERB', 'generation_NOUN')",4
8749,"('high_ADJ', 'pitch_VERB', 'voice_NOUN')",4
8733,"('entertainment_NOUN', '’s_DET', 'greatest_ADJ')",4
8677,"('low_ADJ', 'student_NOUN', 'motivation_NOUN')",4
8673,"('high_ADJ', 'dropout_ADP', 'rate_NOUN')",4
8682,"('study_NOUN', 'find_VERB', 'student_NOUN')",4
8803,"('artist_NOUN', '“he_DET', 'always_NOUN')",4
8801,"('top_NOUN', 'selling_VERB', 'artist_NOUN')",4
8862,"('good_ADJ', 'selling_VERB', 'disc_NOUN')",4
8789,"('family_NOUN', '’s_DET', 'group_NOUN')",4
8860,"('world_NOUN', '’s_DET', 'good_ADJ')",4
8508,"('American_ADJ', 'civil_NOUN', 'war_NOUN')",4
8501,"('way_NOUN', 'student_NOUN', 'learn_ADJ')",4
8473,"('learning_NOUN', 'Conspiracy_NOUN', 'code_NOUN')",4
8481,"('teach_NOUN', 'U.S._PROPN', 'history_NOUN')",4
8619,"('scientist_NOUN', 'say_VERB', 'school_NOUN')",4
8879,"('way_NOUN', 'music_ADJ', 'video_NOUN')",4
8629,"('video_ADJ', 'technology_NOUN', 'Educator_NOUN')",4
8646,"('strict_ADJ', 'state_NOUN', 'requirement_NOUN')",4
8579,"('education_ADJ', 'software_ADJ', 'company_NOUN')",4
8585,"('training_NOUN', 'session_NOUN', 'staff_NOUN')",4
7491,"('new_ADJ', 'silk_NOUN', 'one_NOUN')",4
7476,"('lady_NOUN', ""'_ADP"", 'rest_NOUN')",4
7518,"('machine_NOUN', 'like_NOUN', 'force_NOUN')",4
7458,"('old_ADJ', 'shopping_NOUN', 'bag_NOUN')",4
7460,"('bag_NOUN', 'mrs_NOUN', 'Sommer_NOUN')",4
7459,"('shopping_NOUN', 'bag_NOUN', 'mrs_NOUN')",4
7457,"('worn_ADJ', 'old_ADJ', 'shopping_NOUN')",4
7592,"('young_ADJ', 'shoe_NOUN', 'salesman_NOUN')",4
7612,"('beautiful_NOUN', 'new_ADJ', 'stocking_NOUN')",4
7607,"('worn_NOUN', 'old_ADJ', 'shoe_NOUN')",4
8965,"('top_ADJ', 'pop_NOUN', 'radio_NOUN')",4
7225,"('large_ADJ', 'department_NOUN', 'store_NOUN')",4
8966,"('pop_NOUN', 'radio_NOUN', 'station_NOUN')",4
7413,"('ninety_NOUN', 'eight_NUM', 'cent_NOUN')",4
7398,"('size_NOUN', 'mrs_NOUN', 'Sommer_NOUN')",4
7317,"('silky_ADJ', 'leg_ADJ', 'covering_NOUN')",4
7344,"('soft_NOUN', 'costly_ADJ', 'item_NOUN')",4
7930,"('waiter_NOUN', 'serve_VERB', 'wealthy_ADJ')",4
7926,"('cloth_NOUN', 'shin_VERB', 'glass_NOUN')",4
7924,"('white_ADJ', 'table_ADJ', 'cloth_NOUN')",4
7867,"('hungry_ADJ', 'another_DET', 'time_NOUN')",4
7631,"('foot_NOUN', 'one_NUM', 'way_NOUN')",4
8031,"('crystal_ADJ', 'drinking_NOUN', 'glass_NOUN')",4
7972,"('chop_NOUN', 'something_PRON', 'sweet_NOUN')",4
7701,"('time_NOUN', 'since_ADP', 'mrs_NOUN')",4
7644,"('shiny_NOUN', 'point_ADJ', 'boot_NOUN')",4
7808,"('magazine_NOUN', 'mrs_NOUN', 'Sommer_NOUN')",4
7804,"('stroot_NOUN', 'sold_VERB', 'book_NOUN')",4
7788,"('little_NOUN', 'gloved_VERB', 'hand_NOUN')",4
7755,"('soft_NOUN', 'leather_DET', 'glove_NOUN')",4
7750,"('young_ADJ', 'shop_NOUN', 'girl_NOUN')",4
7760,"('Sommer_NOUN', '’s_ADP', 'hand_NOUN')",4
2065,"('Alessi_ADJ', 'coffee_NUM', 'pot_NOUN')",3
2098,"('field_NOUN', 'unlike_ADP', 'product_NOUN')",3
1941,"('titanium_NOUN', ""'s_PART"", 'several_ADJ')",3
1943,"('several_ADJ', 'thousand_NOUN', 'dollar_NOUN')",3
1478,"('little_ADJ', 'bit_NOUN', 'different_ADJ')",3
1727,"('distinct_NOUN', 'coherent_ADJ', 'identity_NOUN')",3
2594,"('central_ADJ', 'bank_NOUN', 'headquarter_NOUN')",3
2593,"('European_ADJ', 'central_ADJ', 'bank_NOUN')",3
2580,"('single_ADJ', 'monolithic_ADJ', 'mass_NOUN')",3
2622,"('multiple_ADJ', 'build_NOUN', 'element_NOUN')",3
2494,"('large_ADJ', 'scale_NOUN', 'construction_NOUN')",3
2785,"('vacuum_NOUN', 'forme_VERB', 'plastic_NOUN')",3
2700,"('scale_NOUN', 'building_VERB', 'element_NOUN')",3
2679,"('time_NOUN', 'build_VERB', 'model_NOUN')",3
2215,"('real_ADJ', 'architectural_ADJ', 'problem_NOUN')",3
2146,"('small_ADJ', 'scale_NOUN', 'Architect_NOUN')",3
2364,"('natural_ADJ', 'history_NOUN', 'museum_NOUN')",3
423,"('last_ADJ', 'ten_NUM', 'year_NOUN')",3
430,"('similar_ADJ', 'heat_NOUN', 'thermal_ADJ')",3
431,"('heat_NOUN', 'thermal_ADJ', 'transfer_NOUN')",3
432,"('thermal_ADJ', 'transfer_NOUN', 'model_NOUN')",3
407,"('fobe_ADJ', 'bubble_ADJ', 'diagram_NOUN')",3
411,"('foam_NOUN', 'bubble_ADJ', 'model_NOUN')",3
627,"('image_NOUN', '10_NUM', 'year_NOUN')",3
309,"('king_NOUN', ""'s_PART"", 'Cross_NOUN')",3
174,"('fractional_ADJ', 'subdivision_NOUN', 'finer_NOUN')",3
1177,"('calculus_NOUN', 'based_VERB', 'definition_NOUN')",3
1387,"('kilometer_NOUN', 'long_ADJ', 'housing_NOUN')",3
1388,"('long_ADJ', 'housing_NOUN', 'block_NOUN')",3
1319,"('invisible_ADJ', 'source_NOUN', 'directionality_NOUN')",3
835,"('calculus_ADJ', 'based_VERB', 'mean_NOUN')",3
1010,"('curve_NOUN', 'without_ADP', 'inflexion_NOUN')",3
1028,"('automobile_NOUN', 'architecture_NOUN', 'product_NOUN')",3
943,"('everybody_NOUN', ""'s_PART"", 'sight_NOUN')",3
4728,"('thing_NOUN', 'beautiful_ADJ', 'gift_NOUN')",3
4727,"('beautiful_ADJ', 'thing_NOUN', 'beautiful_ADJ')",3
4750,"('new_ADJ', 'story_NOUN', 'invent_ADJ')",3
3743,"('red_ADJ', 'jacket_NOUN', 'something_NOUN')",3
4773,"('white_ADJ', 'page_NOUN', 'invent_NOUN')",3
4677,"('year_NOUN', '60_NUM', 'year_NOUN')",3
5043,"('desirable_ADJ', 'maybe_ADV', 'important_ADJ')",3
5099,"('many_ADJ', 'great_ADJ', 'thing_NOUN')",3
5177,"('big_ADJ', 'express_NOUN', 'train_NOUN')",3
5176,"('great_ADJ', 'big_ADJ', 'express_NOUN')",3
5144,"('great_ADJ', 'western_ADJ', 'railway_NOUN')",3
4929,"('fairy_ADJ', 'slow_NOUN', 'learner_NOUN')",3
4862,"('little_ADJ', 'bit_NOUN', 'easier_ADJ')",3
4948,"('important_ADJ', 'making_NOUN', 'thing_NOUN')",3
4069,"('trap_NOUN', 'one_NUM', 'trap_NOUN')",3
4023,"('mean_NOUN', 'intelligent_VERB', 'people_NOUN')",3
3957,"('toothbrush_NOUN', 'new_ADJ', 'toilet_NOUN')",3
3956,"('new_ADJ', 'toothbrush_NOUN', 'new_ADJ')",3
4391,"('many_ADJ', 'many_ADJ', 'face_NOUN')",3
4433,"('hotel_NOUN', 'forget_ADJ', 'desing_NOUN')",3
4432,"('beautiful_ADJ', 'hotel_NOUN', 'forget_ADJ')",3
4197,"('intelligence_NOUN', 'never_DET', 'forget_NOUN')",3
3378,"('romanticism_NOUN', 'us_DET', 'poetry_NOUN')",3
3383,"('mutation_NOUN', 'us_DET', 'life_NOUN')",3
3376,"('poetry_NOUN', 'us_DET', 'romanticism_NOUN')",3
3374,"('story_NOUN', 'us_DET', 'poetry_NOUN')",3
3440,"('soup_NOUN', 'call_VERB', 'soupe_ADJ')",3
3415,"('offstage_NOUN', 'four_DET', 'point_NOUN')",3
3467,"('life_NOUN', 'bloop_ADJ', 'bloop_NOUN')",3
3445,"('first_ADJ', 'soup_NOUN', 'bloop_NOUN')",3
3446,"('soup_NOUN', 'bloop_NOUN', 'bloop_NOUN')",3
3447,"('bloop_NOUN', 'bloop_NOUN', 'bloop_NOUN')",3
3448,"('bloop_NOUN', 'bloop_NOUN', 'sort_NOUN')",3
3011,"('lemon_ADJ', 'squeezer_NOUN', 'toilet_NOUN')",3
3012,"('squeezer_NOUN', 'toilet_NOUN', 'brush_NOUN')",3
2843,"('produce_NOUN', 'decorative_ADJ', 'effect_NOUN')",3
3014,"('brush_NOUN', 'toothpick_ADV', 'beautiful_ADJ')",3
3175,"('try_NOUN', 'I_PRON', 'try_NOUN')",3
3016,"('beautiful_ADJ', 'toilet_NOUN', 'seat_NOUN')",3
3083,"('sale_NOUN', 'la_DET', 'laideu_NOUN')",3
3085,"('laideu_NOUN', 'se_VERB', 'vend_ADJ')",3
5404,"('mean_NOUN', 'balancing_VERB', 'desirability_NOUN')",3
5431,"('nineteen_ADJ', 'sixty_NOUN', '-nine_NOUN')",3
5430,"('twentieth_NOUN', 'nineteen_ADJ', 'sixty_NOUN')",3
5373,"('business_NOUN', 'school_NOUN', 'professor_NOUN')",3
5361,"('world_NOUN', 'change_VERB', 'innovation_NOUN')",3
5490,"('American_ADJ', 'space_NOUN', 'agency_NOUN')",3
5503,"('international_ADJ', 'space_NOUN', 'station_NOUN')",3
5455,"('seventy_ADJ', 'nine_NUM', 'year_NOUN')",3
5458,"('old_ADJ', 'six_NUM', 'crew_NOUN')",3
5190,"('Turner_NOUN', ""'s_PART"", 'painting_NOUN')",3
5283,"('integrated_ADJ', 'transportation_NOUN', 'system_NOUN')",3
5277,"('best_ADJ', 'railway_NOUN', 'journey_NOUN')",3
5309,"('York_NOUN', 'one_NUM', 'journey_NOUN')",3
5741,"('book_NOUN', '“Magnificent_ADJ', 'Desolation_NOUN')",3
5708,"('growing_ADJ', 'permanent_NOUN', 'settlement_NOUN')",3
3666,"('romanticism_NOUN', 'Mu_ADP', '-ta-tion_NOUN')",3
5583,"('thousand_NOUN', 'three_NUM', 'president_NOUN')",3
5598,"('year_NOUN', 'twenty_NUM', 'twenty_NOUN')",3
5542,"('nation_NOUN', 'get_VERB', 'involve_ADJ')",3
5528,"('greater_ADJ', 'international_ADJ', 'cooperation_NOUN')",3
5632,"('-one_NOUN', 'Adrin_ADP', 'believe_NOUN')",3
13523,"('love_NOUN', 'affair_DET', 'last_NOUN')",2
13500,"('age_NOUN', 'Michael_PROPN', 'first_ADJ')",2
13479,"('people_NOUN', '’s_DET', 'reluctance_NOUN')",2
13573,"('entire_ADJ', 'society_NOUN', 'Kate_ADJ')",2
13566,"('German_ADJ', 'legal_ADJ', 'system_NOUN')",2
13595,"('older_ADJ', 'Michael_ADJ', 'torn_NOUN')",2
13582,"('best_ADJ', 'supporting_VERB', 'actress_NOUN')",2
14494,"('turn_NOUN', 'sign_ADJ', 'knob_NOUN')",2
13410,"('world_NOUN', 'war_NOUN', 'second_ADJ')",2
13428,"('Nazi_ADJ', 'concentration_NOUN', 'camp_NOUN')",2
13436,"('trial_NOUN', 'Hanna_PROPN', 'represse_NOUN')",2
13712,"('warfare_NOUN', 'Folman_DET', '’s_NOUN')",2
13733,"('war_NOUN', 'like_ADP', 'Israeli_ADJ')",2
13630,"('war_ADJ', 'torn_NOUN', 'area_NOUN')",2
13649,"('’_NOUN', '1982_NUM', 'invasion_NOUN')",2
13691,"('film_NOUN', '’s_ADP', 'animation_NOUN')",2
17283,"('latest_ADJ', 'eye_NOUN', 'implant_NOUN')",1
17289,"('say_NOUN', 'light_ADV', 'adjustable_ADJ')",1
17287,"('British_ADJ', 'surgeon_NOUN', 'say_NOUN')",1
17343,"('individual_NOUN', '’s_ADP', 'need_NOUN')",1
17071,"('scientist_NOUN', 'publish_VERB', 'research_NOUN')",1
17069,"('month_NOUN', 'Canadian_PROPN', 'scientist_NOUN')",1
17082,"('lung_NOUN', ""'_ADP"", 'vital_ADJ')",1
17316,"('existing_ADJ', 'lens_NOUN', 'implant_NOUN')",1
17146,"('country_NOUN', 'last_ADJ', 'year_NOUN')",1
17145,"('whole_ADJ', 'country_NOUN', 'last_ADJ')",1
17233,"('already_NOUN', 'accept_VERB', 'lung_NOUN')",1
17215,"('transplant_NOUN', '“In_ADP', 'addition_NOUN')",1
17898,"('weight_NOUN', 'throughout_ADP', 'life_NOUN')",1
17896,"('normal_ADJ', 'body_NOUN', 'weight_NOUN')",1
17903,"('family_NOUN', '’s_ADP', 'combined_ADJ')",1
17905,"('combined_ADJ', 'vital_ADJ', 'statistic_NOUN')",1
17814,"('wear_NOUN', 'Ufifth_PROPN', 'protective_ADJ')",1
18043,"('fatty_NOUN', 'meat_NOUN', 'product_NOUN')",1
18044,"('meat_NOUN', 'product_NOUN', 'cheis_NOUN')",1
18045,"('product_NOUN', 'cheis_NOUN', 'cake_NOUN')",1
18046,"('cheis_NOUN', 'cake_NOUN', 'pudding_NOUN')",1
17067,"('lung_NOUN', 'last_ADJ', 'month_NOUN')",1
18019,"('particular_ADJ', 'genetic_ADJ', 'configuration_NOUN')",1
17991,"('calorie_ADJ', 'equation_NOUN', 'work_NOUN')",1
17447,"('patient_NOUN', ""'_ADP"", 'vision_NOUN')",1
17536,"('high_ADJ', 'order_NOUN', 'aberration_NOUN')",1
17391,"('age_NOUN', '-relate_VERB', 'deterioration_NOUN')",1
17433,"('eye_NOUN', '“but_SCONJ', 'patient_NOUN')",1
17664,"('new_ADJ', 'LAL_ADJ', 'surgeon_NOUN')",1
17710,"('consultant_ADJ', 'ophthalmic_ADJ', 'surgeon_NOUN')",1
17580,"('surgery_NOUN', 'traditionally_ADV', 'artificial_ADJ')",1
17555,"('first_ADJ', 'ever_ADV', 'intraocular_ADJ')",1
17562,"('year_NOUN', 'ago_ADV', 'mister_NOUN')",1
17616,"('world_NOUN', 'last_ADJ', 'year_NOUN')",1
17610,"('presbyopium_NOUN', 'correct_ADJ', 'IOL_NOUN')",1
17066,"('donor_NOUN', 'lung_NOUN', 'last_ADJ')",1
15947,"('potential_ADJ', 'trouble_NOUN', 'source_NOUN')",1
15948,"('trouble_NOUN', 'source_NOUN', 'person_NOUN')",1
15826,"('else_ADJ', ""'s_PART"", 'ethic_NOUN')",1
15723,"('people_NOUN', ""'s_PART"", 'life_NOUN')",1
16787,"('novel_ADJ', 'perfusion_NOUN', 'technique_NOUN')",1
16835,"('successful_ADJ', 'bilateral_ADJ', 'lung_NOUN')",1
16836,"('bilateral_ADJ', 'lung_NOUN', 'transplant_NOUN')",1
16838,"('transplant_NOUN', 'use_VERB', 'donor_ADJ')",1
16726,"('intensive_ADJ', 'care_NOUN', 'complication_NOUN')",1
16727,"('care_NOUN', 'complication_NOUN', 'scientist_NOUN')",1
16995,"('solution_NOUN', 'Lung_PROPN', 'function_NOUN')",1
16977,"('modified_ADJ', 'heart_NOUN', 'bypass_NOUN')",1
16978,"('heart_NOUN', 'bypass_NOUN', 'machine_NOUN')",1
17037,"('procedure_NOUN', 'reached_VERB', 'patient_NOUN')",1
16900,"('donor_NOUN', '’s_DET', 'body_NOUN')",1
16887,"('life_NOUN', '“the_DET', 'lung_NOUN')",1
16958,"('tissue_NOUN', 'allow_VERB', 'cell_NOUN')",1
16944,"('normal_ADJ', 'body_NOUN', 'temperature_NOUN')",1
16384,"('condition_NOUN', 'Criminon_ADV', 'sic_ADJ')",1
16613,"('donor_NOUN', 'organ_NOUN', 'mister_NOUN')",1
16587,"('advance_ADJ', 'cystic_ADJ', 'fibrosis_NOUN')",1
16662,"('life_NOUN', 'save_VERB', 'transplant_NOUN')",1
16564,"('pioneering_NOUN', 'lung_ADJ', 'transplant_NOUN')",1
16566,"('transplant_NOUN', 'involve_VERB', 'damage_ADJ')",1
16568,"('damage_ADJ', 'donor_NOUN', 'lung_NOUN')",1
18132,"('tailor_ADJ', 'nutrition_NOUN', 'advice_NOUN')",1
20196,"('various_ADJ', 'real_ADJ', 'name_NOUN')",1
20251,"('tract_NOUN', 'whose_PRON', 'southwestern_ADJ')",1
20141,"('old_ADJ', 'watering_NOUN', 'place_NOUN')",1
20101,"('high_ADJ', 'heel_ADJ', 'walk_NOUN')",1
20171,"('lonely_ADJ', 'dweller_NOUN', 'inland_NOUN')",1
20434,"('extent_NOUN', 'arrive_VERB', 'hereon_NOUN')",1
20438,"('day_NOUN', 'stood_VERB', 'distinct_NOUN')",1
20330,"('impression_NOUN', 'A_DET', 'Saturday_ADJ')",1
20346,"('unenclosed_ADJ', 'wild_ADJ', 'known_ADJ')",1
19805,"('little_ADJ', 'traction_NOUN', 'piece_NOUN')",1
19877,"('way_NOUN', 'high_ADJ', 'heel_NOUN')",1
20037,"('little_ADJ', 'bit_NOUN', 'stronger_ADJ')",1
20038,"('bit_NOUN', 'stronger_ADJ', 'keep_NOUN')",1
20084,"('wide_NOUN', 'long_ADJ', 'step_NOUN')",1
20059,"('high_ADJ', 'heel_NOUN', 'work_NOUN')",1
19946,"('gravity_NOUN', 'keep_VERB', 'strong_ADJ')",1
19920,"('natural_ADJ', 'hip_NOUN', 'role_NOUN')",1
19997,"('whole_ADJ', 'body_NOUN', 'weight_NOUN')",1
19982,"('heel_NOUN', 'toe_ADJ', 'heel_NOUN')",1
21034,"('commonest_ADJ', 'tourist_NOUN', 'spot_NOUN')",1
21191,"('hitherto_ADJ', 'unrecognized_ADJ', 'original_NOUN')",1
21235,"('place_NOUN', 'perfectly_ADV', 'accordant_ADJ')",1
21239,"('man_NOUN', ""'s_PART"", 'nature_NOUN')",1
21156,"('winter_ADJ', 'darkness_NOUN', 'tempest_NOUN')",1
20657,"('heath_NOUN', 'exhaling_VERB', 'darkness_NOUN')",1
20507,"('dawn_NOUN', 'sade_ADJ', 'noon_NOUN')",1
20814,"('majestic_ADJ', 'without_ADP', 'severity_NOUN')",1
20817,"('impressive_ADJ', 'without_ADP', 'showiness_NOUN')",1
20690,"('place_NOUN', 'become_VERB', 'full_NOUN')",1
20773,"('congruity_NOUN', 'Smiling_VERB', 'champaign_NOUN')",1
18632,"('line_NOUN', 'station_NOUN', 'stop_NOUN')",1
18708,"('Metro_NOUN', 'knock_ADJ', 'spot_NOUN')",1
18713,"('urban_ADJ', 'train_VERB', 'experience_NOUN')",1
18690,"('hour_NOUN', 'Featur_VERB', 'chic_ADJ')",1
18692,"('chic_ADJ', 'driverless_NOUN', 'train_NOUN')",1
18694,"('train_NOUN', 'smart_ADP', 'card_NOUN')",1
18696,"('card_NOUN', 'leather_ADJ', 'seat_NOUN')",1
18622,"('full_ADJ', 'first_ADJ', 'season_NOUN')",1
18551,"('“air_ADJ', 'containing_NOUN', 'food_NOUN')",1
18570,"('lactose_ADJ', 'intolerant_NOUN', 'Dubai_NOUN')",1
18539,"('many_ADJ', 'fizzy_NOUN', 'drink_NOUN')",1
18852,"('ray_NOUN', 'underwater_NOUN', 'zoo_NOUN')",1
18844,"('floor_NOUN', 'to-ceiling_VERB', 'aquarium_ADJ')",1
18760,"('enjoyable_ADJ', 'new_ADJ', 'hotel_NOUN')",1
18765,"('star_ADJ', 'address_NOUN', 'brand_NOUN')",1
18735,"('gold_ADJ', 'class_NOUN', 'ticket_NOUN')",1
18736,"('class_NOUN', 'ticket_NOUN', 'cost_NOUN')",1
18815,"('world_NOUN', '’s_DET', 'tallest_ADJ')",1
18318,"('‘live_ADJ', ""'_ADP"", 'yoghurt_NOUN')",1
18178,"('strength_ADJ', 'training_NOUN', 'exercise_NOUN')",1
18488,"('many_ADJ', 'probiotic_ADJ', 'bacteria_NOUN')",1
18496,"('different_ADJ', 'potential_ADJ', 'role_NOUN')",1
18403,"('eaten_ADJ', 'Probiotic_ADJ', 'bacteria_NOUN')",1
19470,"('Dubai_ADJ', 'district_NOUN', 'isn’t_NOUN')",1
19353,"('cooler_NOUN', 'winter_ADJ', 'month_NOUN')",1
19327,"('institution_NOUN', 'among_ADP', 'older_ADJ')",1
19361,"('uncomplicated_ADJ', 'European_ADJ', 'style_NOUN')",1
19362,"('European_ADJ', 'style_NOUN', 'lunch_NOUN')",1
19624,"('14th_ADJ', 'century_NOUN', 'Baghdad_NOUN')",1
19625,"('century_NOUN', 'Baghdad_NOUN', 'souk_NOUN')",1
19670,"('freelance_NOUN', 'fashion_NOUN', 'reporter_NOUN')",1
19664,"('austinstylewatch.com_NOUN', 'stroot_ADJ', 'fashion_NOUN')",1
19665,"('stroot_ADJ', 'fashion_NOUN', 'site_NOUN')",1
19527,"('chick_NOUN', 'group_NOUN', 'west_ADJ')",1
19525,"('best_ADJ', 'rock_NOUN', 'chick_NOUN')",1
19539,"('Eastbourne_ADJ', 'sounding_NOUN', 'name_NOUN')",1
19526,"('rock_NOUN', 'chick_NOUN', 'group_NOUN')",1
19511,"('first_ADJ', 'floor_NOUN', 'bar_NOUN')",1
19056,"('marine_ADJ', 'life_NOUN', 'seal_NOUN')",1
19094,"('second_ADJ', 'water_NOUN', 'park_NOUN')",1
19095,"('water_NOUN', 'park_NOUN', 'Aquaventure_NOUN')",1
19110,"('long_ADJ', 'stand_NOUN', 'wild_NOUN')",1
19069,"('edu-tainment_NOUN', ""'_PART"", 'attraction_NOUN')",1
18964,"('star_ADJ', 'beach_DET', 'hotel_NOUN')",1
18943,"('cent_ADJ', 'increase_NOUN', 'year_NOUN')",1
18927,"('mall_NOUN', 'Brits_DET', 'keep_NOUN')",1
18942,"('per_NOUN', 'cent_ADJ', 'increase_NOUN')",1
19003,"('emirate_NOUN', '’s_DET', 'total_ADJ')",1
19005,"('total_ADJ', 'visitor_NOUN', 'market_NOUN')",1
18972,"('remarkable_ADJ', 'average_ADJ', 'occupancy_NOUN')",1
18986,"('largest_ADJ', 'source_NOUN', 'market_NOUN')",1
19232,"('restaurant_NOUN', 'come_VERB', 'nightspot_NOUN')",1
19230,"('chic_ADJ', 'urban_ADJ', 'restaurant_NOUN')",1
19290,"('balmy_NOUN', 'seaside_ADP', 'location_NOUN')",1
19297,"('favourite_NOUN', 'one_NUM', 'useful_ADJ')",1
19161,"('al_ADJ', 'fresco_ADJ', 'venue_NOUN')",1
19205,"('delicious_ADJ', 'tender_NOUN', 'grilled_ADJ')",1
19206,"('tender_NOUN', 'grilled_ADJ', 'meat_NOUN')",1
19187,"('theme_NOUN', 'every_DET', 'night_NOUN')",1
19185,"('different_ADJ', 'culinary_ADJ', 'theme_NOUN')",1
19179,"('large_ADJ', 'open_ADJ', 'plan_NOUN')",1
19180,"('open_ADJ', 'plan_NOUN', 'area_NOUN')",1
11174,"('smuggled_ADJ', 'article_NOUN', 'alcohol_NOUN')",1
11205,"('tough_ADJ', 'sell_NOUN', 'Custom_NOUN')",1
11080,"('global_ADJ', 'anim_ADJ', 'trafficking_NOUN')",1
11099,"('Southeast_ADJ', 'Asia_PROPN', 'much_ADJ')",1
11365,"('law_NOUN', 'region_ADJ', 'cooperation_NOUN')",1
11366,"('region_ADJ', 'cooperation_NOUN', 'region_ADJ')",1
11367,"('cooperation_NOUN', 'region_ADJ', 'security_NOUN')",1
11334,"('small_ADJ', 'scale_NOUN', 'poaching_NOUN')",1
11344,"('large_ADJ', 'scale_NOUN', 'trafficking_NOUN')",1
11400,"('weak_ADJ', 'traffick_NOUN', 'law_NOUN')",1
11378,"('regional_ADJ', 'wildlife_NOUN', 'enforcement_NOUN')",1
11379,"('wildlife_NOUN', 'enforcement_NOUN', 'network_NOUN')",1
11389,"('carcass_NOUN', 'every_DET', 'year_NOUN')",1
11243,"('animal_NOUN', 'onto_ADP', 'flight_NOUN')",1
11245,"('flight_NOUN', '“This_DET', 'course_NOUN')",1
11306,"('regional_ADJ', 'environment_NOUN', 'director_NOUN')",1
11315,"('transnational_ADJ', 'challenge_NOUN', 'important_ADJ')",1
11296,"('Southeast_ADJ', 'Asian_ADJ', 'Nation_NOUN')",1
10802,"('mean_ADJ', 'poorer_NOUN', 'country_NOUN')",1
10845,"('biologic_ADJ', 'effect_NOUN', 'vary_NOUN')",1
10840,"('common_ADJ', 'toxin_ADP', 'component_NOUN')",1
10754,"('thousand_NOUN', 'lose_NOUN', 'limb_NOUN')",1
10993,"('expensive_ADJ', 'exotic_ADJ', 'pet_NOUN')",1
11015,"('biggest_ADJ', 'black_NOUN', 'market_NOUN')",1
11014,"('third_ADJ', 'biggest_ADJ', 'black_NOUN')",1
11016,"('black_NOUN', 'market_NOUN', 'form_NOUN')",1
11909,"('network_NOUN', '’s_DET', 'first_ADJ')",1
11911,"('first_ADJ', 'female_ADJ', 'correspondent_NOUN')",1
11887,"('American_ADJ', 'broadcaster_NOUN', 'famous_ADJ')",1
11960,"('Dutch_ADJ', 'military_ADJ', 'censor_NOUN')",1
11937,"('story_NOUN', '“Use_VERB', 'understatement_NOUN')",1
11831,"('British_ADJ', 'newspaper_NOUN', 'reporter_NOUN')",1
11858,"('somebody_NOUN', 'whose_PRON', 'voice_NOUN')",1
12140,"('full-time_ADJ', 'reporting_NOUN', 'job_NOUN')",1
11999,"('building_NOUN', 'newspaper_ADP', 'office_NOUN')",1
12017,"('country_NOUN', 'two_NUM', 'month_NOUN')",1
11536,"('clopidogrel_NOUN', '“um_ADP', 'lot_NOUN')",1
11509,"('prevent_ADJ', 'blood_NOUN', 'clot_NOUN')",1
11510,"('blood_NOUN', 'clot_NOUN', 'heart_NOUN')",1
11511,"('clot_NOUN', 'heart_NOUN', 'attack_NOUN')",1
11557,"('proton_NOUN', 'pump_ADP', 'inhibitor_NOUN')",1
11572,"('researcher_NOUN', 'follow_VERB', 'thousand_NOUN')",1
11439,"('prescribe_NOUN', 'live_VERB', 'longer_ADJ')",1
11421,"('past_ADJ', 'inspector_NOUN', 'study_NOUN')",1
11426,"('heart_NOUN', 'attack_NOUN', 'survivor_NOUN')",1
11432,"('doctor_NOUN', '’s_ADP', 'order_NOUN')",1
11483,"('thinning_NOUN', 'medicine_NOUN', 'sort_NOUN')",1
11482,"('bloo_ADJ', 'thinning_NOUN', 'medicine_NOUN')",1
11723,"('medical_ADJ', 'association_NOUN', 'Margaret_NOUN')",1
11742,"('first_ADJ', 'woman_NOUN', 'correspondent_NOUN')",1
11625,"('percent_ADJ', 'increased_ADJ', 'risk_NOUN')",1
11609,"('proton_NOUN', 'pump_ADP', 'inhibitor_ADJ')",1
11680,"('strong_ADJ', 'compelling_ADJ', 'reason_NOUN')",1
11686,"('Rumsfeld_NOUN', 'say_VERB', 'doctor_NOUN')",1
11664,"('guideline_NOUN', 'strongly_ADV', 'recommend_NOUN')",1
9657,"('chin_NOUN', '“She_DET', 'eat_NOUN')",1
9627,"('different_ADJ', 'tissue_NOUN', 'type_NOUN')",1
9632,"('muscle_NOUN', 'bony_DET', 'structure_NOUN')",1
9634,"('structure_NOUN', 'artery_NOUN', 'vein_NOUN')",1
9638,"('nerve_NOUN', 'Surgeon_PROPN', '’s_NOUN')",1
9765,"('clinic_NOUN', '“She_DET', 'know_NOUN')",1
9927,"('long_ADJ', 'term_NOUN', 'effect_NOUN')",1
9911,"('term_NOUN', 'use_VERB', 'might_ADJ')",1
9810,"('former_NOUN', 'Olympian_VERB', 'Marion_NOUN')",1
9808,"('steroid_ADJ', 'use_NOUN', 'former_NOUN')",1
9813,"('Jones_NOUN', 'Tou_DET', 'de_NOUN')",1
9815,"('de_NOUN', 'France_PROPN', 'winner_NOUN')",1
9822,"('baseball_NOUN', '’_DET', 'greatest_ADJ')",1
9315,"('small_ADJ', 'self_ADJ', 'healing_NOUN')",1
9330,"('patient_NOUN', '’s_DET', 'natural_ADJ')",1
9332,"('natural_ADJ', 'len_NOUN', 'patient_NOUN')",1
9307,"('lens_NOUN', 'involve_VERB', 'minor_ADJ')",1
9343,"('minute_NOUN', 'per_ADP', 'eye_NOUN')",1
9233,"('year_NOUN', 'old_ADJ', 'college_NOUN')",1
9234,"('old_ADJ', 'college_NOUN', 'student_NOUN')",1
9517,"('complex_ADJ', 'face_VERB', 'transplant_ADJ')",1
9491,"('U.S_NOUN', 'four_NUM', 'year_NOUN')",1
9493,"('year_NOUN', 'ago_ADV', 'new_ADJ')",1
9390,"('new_ADJ', 'technology_NOUN', 'come_NOUN')",1
10477,"('guideline_NOUN', '“the_DET', 'study_NOUN')",1
10407,"('Antarctic_ADJ', 'program_NOUN', 'Jose_NOUN')",1
10348,"('ship_NOUN', '’s_DET', 'size_NOUN')",1
10356,"('bigger_ADJ', 'member_NOUN', 'nation_NOUN')",1
10369,"('mandatory_ADJ', 'tourism_NOUN', 'limit_NOUN')",1
10525,"('operation_NOUN', 'Compost_VERB', 'facility_NOUN')",1
9976,"('drug_NOUN', 'Thirty_NOUN', 'percent_NOUN')",1
9980,"('male_ADJ', 'weight_NOUN', 'lifter_NOUN')",1
9968,"('study_NOUN', 'suggest_VERB', 'user_NOUN')",1
10021,"('addictive_ADJ', 'substance_NOUN', 'steroid_NOUN')",1
10035,"('people_NOUN', 'use_VERB', 'steroid_NOUN')",1
9999,"('researcher_NOUN', 'find_VERB', 'steroid_NOUN')",1
10246,"('Antarctic_ADJ', 'food_NOUN', 'chain_NOUN')",1
10237,"('shrimp_NOUN', 'like_ADP', 'crustacean_NOUN')",1
10303,"('issue_NOUN', '“the_DET', 'human_ADJ')",1
10167,"('impact_NOUN', 'Uruguayan_DET', 'environmentalist_NOUN')",1
10137,"('tourism_NOUN', 'season_NOUN', 'set_NOUN')",1
10205,"('water_NOUN', 'despite_ADP', 'effort_NOUN')",1
14495,"('sign_ADJ', 'knob_NOUN', 'stop_NOUN')",1
14487,"('right_ADJ', 'turn_NOUN', 'signal_NOUN')",1
14526,"('left_ADJ', 'turn_NOUN', 'signal_NOUN')",1
14568,"('satellite_NOUN', 'collect_VERB', 'datum_NOUN')",1
14445,"('seat_ADJ', 'belt_NOUN', 'Insert_ADJ')",1
14440,"('rear_ADJ', 'view_NOUN', 'mirror_NOUN')",1
14684,"('manned_ADJ', 'Apollo_NOUN', 'landing_NOUN')",1
14604,"('public_NOUN', '’s_ADP', 'enthusiasm_NOUN')",1
14668,"('surface_NOUN', 'later_ADJ', 'probe_NOUN')",1
14635,"('Ranger_NOUN', 'space_NOUN', 'probe_NOUN')",1
14637,"('probe_NOUN', 'Nasum_PROPN', 'curator_NOUN')",1
14131,"('park_NOUN', 'officail_ADJ', 'say_NOUN')",1
14104,"('middle_NOUN', 'age_VERB', 'parent_NOUN')",1
14170,"('many_ADJ', 'different_ADJ', 'ingredient_NOUN')",1
14157,"('popular_ADJ', 'american_ADJ', 'dish_NOUN')",1
14159,"('dish_NOUN', 'Potato_PROPN', 'Salad_NOUN')",1
14041,"('rounder_NOUN', 'norm_ADJ', 'egg_NOUN')",1
14076,"('week_NOUN', 'follow_VERB', 'initial_ADJ')",1
14078,"('initial_ADJ', 'incubation_NOUN', 'scientist_NOUN')",1
14295,"('smaller_ADJ', 'parts.Now_ADJ', 'use_NOUN')",1
14296,"('parts.Now_ADJ', 'use_NOUN', 'part_NOUN')",1
14350,"('salt_NOUN', 'finally_ADV', 'mix_NOUN')",1
15243,"('free_ADJ', 'health_NOUN', 'coverage_NOUN')",1
15244,"('health_NOUN', 'coverage_NOUN', 'program_NOUN')",1
15222,"('small_ADJ', 'student_ADJ', 'organization_NOUN')",1
15234,"('center_NOUN', 'provid_VERB', 'basic_ADJ')",1
15236,"('basic_ADJ', 'vision_NOUN', 'screening_NOUN')",1
15171,"('doctor_NOUN', '’s_DET', 'office_NOUN')",1
15201,"('avoidable_ADJ', 'eye_NOUN', 'disease_NOUN')",1
15433,"('child_NOUN', 'young_ADJ', 'girl_NOUN')",1
15486,"('country_NOUN', 'many_DET', 'young_ADJ')",1
15333,"('eye_NOUN', 'care_NOUN', 'exist_NOUN')",1
15396,"('control_NOUN', 'Fourteen_ADP', 'day_NOUN')",1
14935,"('Voyager_NOUN', 'provide_VERB', 'detail_NOUN')",1
14802,"('fact_NOUN', 'launch_ADJ', 'probe_NOUN')",1
14778,"('red_ADJ', 'planet_NOUN', 'evidence_NOUN')",1
14822,"('last_ADJ', 'five_NUM', 'year_NOUN')",1
14964,"('public_NOUN', '’s_DET', 'attention_NOUN')",1
14950,"('kilometer_NOUN', 'per_ADP', 'hour_NOUN')",1
14988,"('image_NOUN', 'expand_VERB', 'scientist_NOUN')",1
14990,"('scientist_NOUN', ""'_ADP"", 'knowledge_NOUN')",1
14994,"('deep_ADJ', 'space_NOUN', 'Shuttle_ADJ')",1
14995,"('space_NOUN', 'Shuttle_ADJ', 'astronaut_NOUN')",1
12638,"('time_NOUN', 'March_VERB', 'band_NOUN')",1
12643,"('leprechaun_NOUN', 'join_ADP', 'parade_NOUN')",1
12622,"('historian_ADJ', 'Alan_ADJ', 'Lichtman_NOUN')",1
12620,"('time_NOUN', 'say_VERB', 'historian_ADJ')",1
12658,"('new_ADJ', 'York_PROPN', 'city_NOUN')",1
12662,"('world_NOUN', '’s_DET', 'largest_ADJ')",1
12540,"('comic_ADJ', 'historian_DET', 'Lichtman_NOUN')",1
12591,"('right_ADJ', 'wing_ADJ', 'television_NOUN')",1
12592,"('wing_ADJ', 'television_NOUN', 'commentator_NOUN')",1
12816,"('student_NOUN', 'genetically_ADV', 'modify_ADJ')",1
12783,"('coronary_ADJ', 'heart_NOUN', 'disease_NOUN')",1
12724,"('morning_NOUN', 'say_VERB', 'Jose_NOUN')",1
12729,"('patron_NOUN', 'Binge_PROPN', 'drinking_NOUN')",1
12703,"('honorary_ADJ', 'Irish_ADJ', 'celebrate_NOUN')",1
12710,"('beer_NOUN', 'gree_ADJ', 'beer_NOUN')",1
12771,"('recent_ADJ', 'year_NOUN', 'study_NOUN')",1
12773,"('study_NOUN', 'show_VERB', 'wine_ADJ')",1
12741,"('value_NOUN', 'bruary_PROPN', 'vitamin_NOUN')",1
12264,"('mother_NOUN', '’s_DET', 'side_NOUN')",1
12259,"('great_ADJ', 'great_ADJ', 'grandfather_NOUN')",1
12258,"('great_NOUN', 'great_ADJ', 'great_ADJ')",1
12295,"('economic_ADJ', 'crisis_NOUN', 'mister_NOUN')",1
12178,"('American_ADJ', 'women_ADJ', 'correspondent_NOUN')",1
12171,"('war_NOUN', 'second_ADJ', 'none_NOUN')",1
12170,"('World_NOUN', 'war_NOUN', 'second_ADJ')",1
12232,"('humor_NOUN', '“It_ADJ', 'turn_NOUN')",1
12205,"('Irish_ADJ', 'holiday_NOUN', 'president_NOUN')",1
12507,"('new_ADJ', 'York_NOUN', 'mister_NOUN')",1
12446,"('“I_ADJ', 'think_NOUN', 'humor_NOUN')",1
12427,"('helicopter_NOUN', 'seem_VERB', 'adequate_ADJ')",1
12498,"('candidate_NOUN', 'deliver_VERB', 'joke_NOUN')",1
12504,"('Al_ADJ', 'Smith_PROPN', 'dinner_NOUN')",1
12469,"('criticism_NOUN', 'say_VERB', 'Alan_ADJ')",1
12471,"('Alan_ADJ', 'Lichtman_NOUN', 'mister_NOUN')",1
12483,"('tense_ADJ', 'presidential_ADJ', 'campaign_NOUN')",1
12345,"('historian_ADJ', 'Alan_PROPN', 'Lichtman_NOUN')",1
12347,"('Lichtman_NOUN', 'Lately_ADV', 'president_NOUN')",1
12372,"('nation_NOUN', '’s_ADP', 'governor_NOUN')",1
12398,"('former_ADJ', 'presidential_ADJ', 'rival_NOUN')",1
12389,"('recent_ADJ', 'fiscal_ADJ', 'responsibility_NOUN')",1
13406,"('year_NOUN', 'twenty_NUM', 'year_NOUN')",1
13810,"('evil_NOUN', 'twenty_NUM', 'year_NOUN')",1
13241,"('cartel_NOUN', 'DeShazo_PROPN', 'say_NOUN')",1
13289,"('drug-related_ADJ', 'killing_NOUN', 'last_ADJ')",1
13290,"('killing_NOUN', 'last_ADJ', 'year_NOUN')",1
13971,"('a-kind_ADJ', 'news_NOUN', 'conference_NOUN')",1
13977,"('park_NOUN', '“the_DET', 'egg_NOUN')",1
13898,"('reproductive_ADJ', 'effort_NOUN', 'whatsoever_ADJ')",1
13886,"('scientist_ADJ', 'Godfrey_PROPN', 'Merlen_NOUN')",1
12901,"('student_NOUN', 'say_VERB', 'people_NOUN')",1
12939,"('personal_ADJ', 'e_ADJ', 'mail_NOUN')",1
13155,"('country_NOUN', 'Mexican_ADJ', 'authority_NOUN')",1
13223,"('powerful_ADJ', 'drug_NOUN', 'cartel_NOUN')",1
13215,"('late_ADJ', '1980_NUM', '’_NOUN')",1
13067,"('country_NOUN', '’s_DET', 'future_ADJ')",1
13096,"('law_NOUN', 'enforcement_NOUN', 'problem_NOUN')",1
