,trigram,freq
12243,"('proper_NOUN', 'orthodox_NOUN', 'respectable_ADJ')",12
14693,"('foolish_ADJ', 'young_ADJ', 'fellow_NOUN')",8
19002,"('Italian_ADJ', 'peasant_NOUN', 'lad_NOUN')",8
12244,"('orthodox_NOUN', 'respectable_ADJ', 'way_NOUN')",8
3484,"('father_NOUN', ""'s_PART"", 'house_NOUN')",8
16797,"('long_ADJ', 'clay_NOUN', 'pipe_NOUN')",8
4070,"('rosy_ADJ', 'finger_VERB', 'Dawn_NOUN')",6
19,"('please_ADJ', 'visit_NOUN', 'librivox.org_NOUN')",6
16146,"('drawing_NOUN', 'room_NOUN', 'door_NOUN')",4
16118,"('different_ADJ', 'room_NOUN', 'moaning_NOUN')",4
12420,"('crime_NOUN', 'stain_ADJ', 'Countess_NOUN')",4
16019,"('gentle_NOUN', 'harmless_ADV', 'old_ADJ')",4
12439,"('mad_NOUN', 'Hollow_VERB', 'moan_NOUN')",4
16396,"('simple_ADJ', 'mind_VERB', 'old_ADJ')",4
16503,"('way_NOUN', 'Johnson_PROPN', 'sprang_NOUN')",4
16477,"('sure_ADJ', 'I_PRON', 'hope_NOUN')",4
16302,"('idea_NOUN', 'seem_VERB', 'reasonable_ADJ')",4
16329,"('Governor_NOUN', 'suggest_VERB', 'palm_NOUN')",4
11774,"('heifer_NOUN', ""'s_PART"", 'head_NOUN')",4
15629,"('thing_NOUN', ""'s_PART"", 'history_NOUN')",4
15460,"('trade_NOUN', 'secret_NOUN', 'Biffle_NOUN')",4
15882,"('happy_ADJ', 'bygone_NOUN', 'day_NOUN')",4
12477,"('good_ADJ', 'working_NOUN', 'order_NOUN')",4
15893,"('many_ADJ', 'blissful_ADJ', 'hour_NOUN')",4
15920,"('old_ADJ', 'fellow_NOUN', 'die_NOUN')",4
15919,"('poor_ADJ', 'old_ADJ', 'fellow_NOUN')",4
15741,"('simple_ADJ', 'funeral_NOUN', 'expense_NOUN')",4
15743,"('expense_NOUN', 'render_VERB', 'necessary_ADJ')",4
12490,"('year_NOUN', ""'s_PART"", 'show_NOUN')",4
15756,"('self_NOUN', 'imposed_VERB', 'task_NOUN')",4
17302,"('old_ADJ', 'idiot_NOUN', 'go_NOUN')",4
17379,"('learned_ADJ', 'much_ADJ', 'sense_NOUN')",4
17113,"('little_ADJ', 'old_ADJ', 'man_NOUN')",4
17112,"('wizened_ADJ', 'little_ADJ', 'old_ADJ')",4
12262,"('orthodox_NOUN', 'respectable_ADJ', 'thing_NOUN')",4
17191,"('ghost_NOUN', 'go_VERB', 'downstair_NOUN')",4
17617,"('bird_NOUN', ""'s_PART"", 'nest_NOUN')",4
17698,"('spectral_ADJ', 'old_ADJ', 'frau_NOUN')",4
17557,"('ghost_NOUN', 'appear_VERB', 'grateful_ADJ')",4
16781,"('Coombes_NOUN', ""'s_PART"", 'story_NOUN')",4
16750,"('law_NOUN', 'mister_NOUN', 'Coombes_NOUN')",4
16567,"('place_NOUN', '10_NUM', 'p.m_NOUN')",4
16594,"('story_NOUN', 'young_ADJ', 'Biffles_NOUN')",4
17018,"('treasure_NOUN', 'one_NUM', 'night_NOUN')",4
16985,"('anything_NOUN', 'however_ADV', 'much_ADJ')",4
16962,"('gold_NOUN', 'unless_ADJ', 'business_NOUN')",4
16857,"('wicked_ADJ', 'old_ADJ', 'miser_NOUN')",4
16947,"('woman_NOUN', ""'s_PART"", 'tale_NOUN')",4
13688,"('bad_ADJ', 'old_ADJ', 'day_NOUN')",4
13707,"('rich_ADJ', 'bachelor_CCONJ', 'uncle_ADJ')",4
13807,"('mention_NOUN', 'another_DET', 'case_NOUN')",4
13833,"('ruined_ADJ', 'abbey_NOUN', 'creep_NOUN')",4
13822,"('Freemasons_NOUN', ""'_PART"", 'dinner_NOUN')",4
12785,"('somebody_NOUN', ""'s_PART"", 'bed_NOUN')",4
12806,"('number_NOUN', 'weigh_VERB', 'heavy_NOUN')",4
13674,"('cellar_NOUN', '-a_NOUN', 'passage_NOUN')",4
13673,"('beer_NOUN', 'cellar_NOUN', '-a_NOUN')",4
14059,"('colour_ADJ', 'wall_ADJ', 'paper_NOUN')",4
14112,"('supper_NOUN', 'indeed_ADV', 'Unpleasantness_NOUN')",4
12739,"('useful_ADJ', 'purpose_NOUN', 'whatsoever_NOUN')",4
14088,"('troubled_ADJ', 'cry_NOUN', 'round_NOUN')",4
13886,"('faithful_ADJ', 'latch_ADJ', 'key_NOUN')",4
13880,"('door_NOUN', 'still_ADJ', 'speechless_NOUN')",4
13969,"('incident_NOUN', 'take_VERB', 'place_NOUN')",4
13938,"('authentic_ADJ', 'ghost_NOUN', 'story_NOUN')",4
13183,"('door_NOUN', 'quietly_ADV', 'open_NOUN')",4
13205,"('young_ADJ', 'man_NOUN', 'think_NOUN')",4
13009,"('English_ADJ', 'speak_VERB', 'people_NOUN')",4
13040,"('genial_ADJ', 'festive_ADJ', 'season_NOUN')",4
12962,"('close_NOUN', 'muggy_ADJ', 'atmosphere_NOUN')",4
13092,"('old_ADJ', 'safe_ADJ', 'business_NOUN')",4
13456,"('host_NOUN', ""'s_PART"", 'ghost_NOUN')",4
12868,"('average_ADJ', 'orthodox_NOUN', 'ghost_NOUN')",4
12848,"('night_NOUN', ""'s_PART"", 'quiet_NOUN')",4
12856,"('first_ADJ', '-class_ADJ', 'funeral_NOUN')",4
13278,"('table_ADJ', 'next_ADJ', 'morning_NOUN')",4
13277,"('breakfast_ADJ', 'table_ADJ', 'next_ADJ')",4
12603,"('perceptible_ADJ', 'cause_NOUN', 'whatever_NOUN')",4
12604,"('cause_NOUN', 'whatever_NOUN', 'Ghost_NOUN')",4
15037,"('old_ADJ', 'mister_NOUN', 'Coombe_NOUN')",4
14990,"('Coombes_NOUN', ""'s_PART"", 'half_ADJ')",4
15012,"('Coombe_NOUN', ""'s_PART"", 'money_NOUN')",4
14759,"('pack_NOUN', 'two_NUM', 'plain_ADJ')",4
14765,"('picture_NOUN', 'card_NOUN', 'sat_ADJ')",4
12612,"('mere_ADJ', 'middle_NOUN', '-class_NOUN')",4
12613,"('middle_NOUN', '-class_NOUN', 'ghost_NOUN')",4
15208,"('plunging_NOUN', 'us_DET', 'curate_NOUN')",4
15101,"('accident_NOUN', 'us_DET', 'curate_NOUN')",4
14331,"('Dr_NOUN', 'Scrubble_PROPN', 'mister_NOUN')",4
14329,"('curate_NOUN', 'old_ADJ', 'Dr_NOUN')",4
14328,"('local_ADJ', 'curate_NOUN', 'old_ADJ')",4
14196,"('although_ADJ', 'injustice_NOUN', 'gross_ADJ')",4
14197,"('injustice_NOUN', 'gross_ADJ', 'injustice_NOUN')",4
14270,"('particular_ADJ', 'old_ADJ', 'ale_NOUN')",4
14235,"('hot_ADJ', 'veal_ADJ', 'pasty_NOUN')",4
12640,"('mere_ADJ', 'local_ADJ', 'event_NOUN')",4
14691,"('haunt_NOUN', 'swindle_VERB', 'foolish_ADJ')",4
12653,"('somebody_NOUN', ""'s_PART"", 'grandfather_NOUN')",4
14682,"('unscrupulous_ADJ', 'man_NOUN', 'frequenter_NOUN')",4
14681,"('low_ADJ', 'unscrupulous_ADJ', 'man_NOUN')",4
12668,"('average_ADJ', 'British_ADJ', 'ghost_NOUN')",4
21428,"('bull_NOUN', ""'s_PART"", '-eye_NOUN')",4
21460,"('consequence_NOUN', 'get_VERB', 'back_ADJ')",4
21401,"('water_NOUN', 'rate_NOUN', 'collector_NOUN')",4
21252,"('people_NOUN', ""'s_PART"", 'hair_ADJ')",4
21869,"('man_NOUN', ""'s_PART"", 'trouser_NOUN')",4
21843,"('man_NOUN', ""'s_PART"", 'manner_NOUN')",4
21611,"('half_ADJ', 'past_ADJ', 'three_NOUN')",4
21580,"('door_NOUN', 'crow_VERB', 'twice_NOUN')",4
21578,"('cock_NOUN', 'next_ADJ', 'door_NOUN')",4
21576,"('Bowles_NOUN', ""'s_PART"", 'cock_NOUN')",4
20892,"('parent_NOUN', ""'_PART"", 'wish_NOUN')",4
20865,"('viol_NOUN', 'live_VERB', 'opposite_NOUN')",4
20668,"('ordinary_ADJ', 'middle_ADJ', 'society_NOUN')",4
21135,"('German_ADJ', 'band_NOUN', 'ghost_NOUN')",4
21134,"('last_ADJ', 'German_ADJ', 'band_NOUN')",4
20962,"('way_NOUN', 'young_PROPN', 'man_NOUN')",4
21023,"('collection_NOUN', 'box_NOUN', 'apiece_NOUN')",4
20985,"('night_NOUN', 'play_ADJ', 'concertina_NOUN')",4
22764,"('image_NOUN', '10_NUM', 'year_NOUN')",4
23135,"('curve_NOUN', 'without_ADP', 'inflexion_NOUN')",4
23153,"('automobile_NOUN', 'architecture_NOUN', 'product_NOUN')",4
23296,"('calculus_NOUN', 'based_VERB', 'definition_NOUN')",4
22965,"('calculus_ADJ', 'based_VERB', 'mean_NOUN')",4
23070,"('everybody_NOUN', ""'s_PART"", 'sight_NOUN')",4
22086,"('healthy_NOUN', 'charitable_ADJ', 'mind_NOUN')",4
1352,"('servant_NOUN', 'poure_VERB', 'water_NOUN')",4
22088,"('mind_NOUN', 'appear_VERB', 'impossible_ADJ')",4
21965,"('constable_NOUN', ""'s_PART"", 'mistake_NOUN')",4
22461,"('king_NOUN', ""'s_PART"", 'Cross_NOUN')",4
22580,"('heat_NOUN', 'thermal_ADJ', 'transfer_NOUN')",4
22579,"('similar_ADJ', 'heat_NOUN', 'thermal_ADJ')",4
22572,"('last_ADJ', 'ten_NUM', 'year_NOUN')",4
22581,"('thermal_ADJ', 'transfer_NOUN', 'model_NOUN')",4
22560,"('foam_NOUN', 'bubble_ADJ', 'model_NOUN')",4
22556,"('fobe_ADJ', 'bubble_ADJ', 'diagram_NOUN')",4
22332,"('fractional_ADJ', 'subdivision_NOUN', 'finer_NOUN')",4
18663,"('solo_NOUN', 'cornet_NOUN', 'player_NOUN')",4
18662,"('energetic_ADJ', 'solo_NOUN', 'cornet_NOUN')",4
18634,"('month_NOUN', 'old_ADJ', 'mister_NOUN')",4
18793,"('uncle_NOUN', 'another_DET', 'summer_NOUN')",4
18785,"('recovery_NOUN', 'ask_VERB', 'mister_NOUN')",4
18717,"('former_ADJ', 'melody_NOUN', 'mister_NOUN')",4
18734,"('poor_NOUN', 'friendless_ADJ', 'artist_NOUN')",4
18750,"('hour_NOUN', 'every_DET', 'even_NOUN')",4
18582,"('fact_NOUN', 'exclaim_VERB', 'mister_NOUN')",4
18539,"('wait_NOUN', ""'s_PART"", 'throat_NOUN')",4
19058,"('wild_ADJ', 'mufflee_VERB', 'shriek_NOUN')",4
19056,"('crow_NOUN', 'amid_AUX', 'wild_ADJ')",4
19023,"('strange_NOUN', 'aw_VERB', 'silence_NOUN')",4
19019,"('low_ADJ', 'impressive_ADJ', 'tone_NOUN')",4
19083,"('solo_ADJ', 'cornet_NOUN', 'player_NOUN')",4
19103,"('strangle_ADJ', 'harpist_ADJ', 'play_NOUN')",4
18916,"('refreshment_ADJ', 'room_NOUN', 'pork-pie_NOUN')",4
17948,"('many_ADJ', 'vary_ADJ', 'character_NOUN')",4
17996,"('brand_NOUN', 'new_ADJ', 'set_NOUN')",4
17776,"('ghost_NOUN', ""'s_PART"", 'visit_NOUN')",4
17890,"('curate_NOUN', ""'s_PART"", 'story_NOUN')",4
17819,"('wick_ADJ', 'old_ADJ', 'man_NOUN')",4
17847,"('deceased_ADJ', 'local_ADJ', 'plumber_NOUN')",4
18322,"('Uncle_NOUN', ""'s_PART"", 'story_NOUN')",4
18342,"('blood_ADJ', 'curdling_NOUN', 'tone_NOUN')",4
18108,"('Jacobs_NOUN', ""'_PART"", 'father_NOUN')",4
18238,"('child_NOUN', ""'s_PART"", 'life_NOUN')",4
3863,"('good_ADJ', 'old_ADJ', 'woman_NOUN')",4
20034,"('mere_ADJ', 'general_ADJ', 'consciousness_NOUN')",4
3469,"('man_NOUN', 'heaven_ADJ', 'help_NOUN')",4
19366,"('slightest_ADJ', 'degree_NOUN', 'egotistical_ADJ')",4
19379,"('reticence_NOUN', 'concern_VERB', 'anything_NOUN')",4
19260,"('commonly_NOUN', 'accept_VERB', 'meaning_NOUN')",4
19329,"('modern_ADJ', '-day_ADJ', 'author_NOUN')",4
19799,"('year_NOUN', ""'s_PART"", 'end_NOUN')",4
19555,"('retiring_NOUN', 'anti-egotistical_ADJ', 'nature_NOUN')",4
19669,"('simple_NOUN', 'dignified_ADJ', 'narration_NOUN')",4
4246,"('father_NOUN', ""'s_PART"", 'land_NOUN')",2
4285,"('day_NOUN', 'Ulyss_VERB', 'leave_ADJ')",2
4357,"('heart_NOUN', ""'s_PART"", 'desire_NOUN')",2
4121,"('people_NOUN', 'gather_VERB', 'thereon_NOUN')",2
4187,"('man_NOUN', 'bent_VERB', 'double_ADJ')",2
4180,"('councillor_NOUN', 'make_VERB', 'way_NOUN')",2
4707,"('brave_ADJ', 'father_NOUN', 'Ulyss_NOUN')",2
3599,"('many_ADJ', 'great_ADJ', 'man_NOUN')",2
3285,"('many_ADJ', 'another_DET', 'went_NOUN')",2
3318,"('man_NOUN', ""'s_PART"", 'matter_NOUN')",2
3248,"('ill_ADJ', 'fate_VERB', 'return_NOUN')",2
3361,"('dear_ADJ', 'husband_NOUN', 'till_NOUN')",2
3934,"('wife_NOUN', ""'s_PART"", 'resentment_NOUN')",2
3865,"('woman_NOUN', 'Euryclea_PROPN', 'daughter_NOUN')",2
3881,"('blazing_ADJ', 'torch_NOUN', 'Laertes_NOUN')",2
5700,"('mean_NOUN', 'anything_NOUN', 'Ulysse_NOUN')",2
6025,"('heaven_ADJ', 'sent_NOUN', 'message_NOUN')",2
6046,"('hand_NOUN', 'I_PRON', 'hear_NOUN')",2
5110,"('father_NOUN', ""'s_PART"", 'choice_NOUN')",2
4842,"('mother_NOUN', ""'s_PART"", 'fault_NOUN')",2
4945,"('perish_NOUN', 'unrecorded_ADJ', 'till_NOUN')",2
4944,"('needlework_NOUN', 'perish_NOUN', 'unrecorded_ADJ')",2
4918,"('needlework_NOUN', 'Swoot_PROPN', 'heart_NOUN')",2
4903,"('great_ADJ', 'tambour_NOUN', 'frome_NOUN')",2
5418,"('wind_NOUN', 'sailing_ADJ', 'side_NOUN')",2
5509,"('honesty_NOUN', 'say_VERB', 'hear_ADJ')",2
3232,"('woe_ADJ', 'upon_ADP', 'mankind_NOUN')",2
998,"('house_NOUN', 'man_ADV', 'servant_NOUN')",2
818,"('Ulyss_NOUN', ""'_PART"", 'son_NOUN')",2
952,"('Ulyss_NOUN', ""'_PART"", 'house_NOUN')",2
958,"('visitor_NOUN', 'Mentes_PROPN', 'chief_NOUN')",2
912,"('bronze_ADJ', 'shod_NOUN', 'spear_NOUN')",2
911,"('redoubtable_ADJ', 'bronze_ADJ', 'shod_NOUN')",2
1450,"('man_NOUN', 'might_AUX', 'hear_ADJ')",2
1265,"('beautiful_ADJ', 'golden_ADJ', 'ewer_NOUN')",2
1326,"('man_NOUN', 'servant_NOUN', 'brink_NOUN')",2
1349,"('seat_NOUN', 'forthwith_ADP', 'man_NOUN')",2
1363,"('bread_ADJ', 'basket_NOUN', 'page_NOUN')",2
1358,"('maid_NOUN', 'go_VERB', 'round_NOUN')",2
1298,"('many_ADJ', 'good_ADJ', 'thing_NOUN')",2
274,"('world_NOUN', ""'s_PART"", 'end_NOUN')",2
326,"('man_NOUN', 'speak_VERB', 'first_ADJ')",2
95,"('man_NOUN', 'safely_ADJ', 'home_NOUN')",2
140,"('thing_NOUN', 'O_PROPN', 'daughter_NOUN')",2
708,"('nymph_NOUN', 'Thoosa_PROPN', 'daughter_NOUN')",2
430,"('home_NOUN', 'Mercury_DET', 'tell_NOUN')",2
564,"('poor_ADJ', 'unhappy_ADJ', 'Ulyss_NOUN')",2
2697,"('death_NOUN', 'come_DET', 'home_NOUN')",2
2773,"('father_NOUN', ""'s_PART"", 'murderer_NOUN')",2
2780,"('fine_NOUN', 'smart_VERB', 'looking_ADJ')",2
2547,"('mother_NOUN', ""'s_PART"", 'mind_NOUN')",2
3135,"('many_ADJ', 'another_DET', 'feat_NOUN')",2
3062,"('Achaean_NOUN', 'Penelope_ADV', 'daughter_NOUN')",2
2875,"('little_ADJ', 'longer_NOUN', 'till_NOUN')",2
1853,"('prisoner_NOUN', 'among_ADP', 'savage_NOUN')",2
1927,"('fine_ADJ', 'looking_ADJ', 'fellow_NOUN')",2
1643,"('father_NOUN', ""'s_PART"", 'time_NOUN')",2
1742,"('Neritum_NOUN', 'us_DET', 'father_NOUN')",2
1740,"('wood_ADJ', 'mountain_ADJ', 'Neritum_NOUN')",2
2274,"('yet_NOUN', 'another_DET', 'kind_NOUN')",2
2019,"('ill_ADJ', 'star_VERB', 'man_NOUN')",2
10285,"('many_ADJ', 'burnt_ADJ', 'sacrifice_NOUN')",2
10222,"('good_ADJ', 'natural_ADJ', 'disposition_NOUN')",2
10098,"('elsewhither_ADJ', 'among_ADP', 'mankind_NOUN')",2
10102,"('Aegisthus_ADJ', 'take_NOUN', 'heart_NOUN')",2
10613,"('Menelaus_ADJ', 'came_NOUN', 'home_NOUN')",2
10710,"('reckoning_NOUN', 'even_ADV', 'bird_NOUN')",2
10663,"('fool_NOUN', ""'s_PART"", 'errand_NOUN')",2
10439,"('Cydonians_NOUN', 'dwell_ADJ', 'round_NOUN')",2
10451,"('high_ADJ', 'headland_NOUN', 'hereabout_NOUN')",2
10421,"('wave_NOUN', 'ran_ADJ', 'mountain_NOUN')",2
10541,"('substance_NOUN', 'among_ADP', 'people_NOUN')",2
9493,"('dear_ADJ', 'young_ADJ', 'friend_NOUN')",2
9650,"('story_NOUN', 'Nestor_ADJ', 'son_NOUN')",2
9567,"('field_NOUN', 'get_VERB', 'safe_ADJ')",2
9456,"('way_NOUN', 'four_DET', 'day_NOUN')",2
9426,"('fair_ADJ', 'wind_NOUN', 'sprang_NOUN')",2
9975,"('man_NOUN', ""'s_PART"", 'hour_NOUN')",2
9967,"('wife_NOUN', 'still_ADV', 'death_NOUN')",2
9785,"('full_NOUN', 'either_CCONJ', 'single_ADJ')",2
11740,"('sharp_NOUN', 'axe_NOUN', 'ready_ADJ')",2
11732,"('barley_NOUN', 'meal_NOUN', 'sturdy_NOUN')",2
11784,"('barley_NOUN', 'meal_ADJ', 'Thrasymede_NOUN')",2
11529,"('yesterday_NOUN', ""'s_PART"", 'festivity_NOUN')",2
11628,"('clear_ADJ', 'spring_NOUN', 'water_NOUN')",2
12193,"('land_NOUN', 'book_PROPN', 'fourth_ADJ')",2
12198,"('low_ADJ', 'ly_ADJ', 'city_NOUN')",2
11900,"('young_ADJ', 'man_NOUN', 'stood_NOUN')",2
11941,"('fire_NOUN', 'Meanwhile_ADV', 'lovely_ADJ')",2
10987,"('old_ADJ', 'friend_NOUN', 'Ulyss_NOUN')",2
10772,"('Menelaus_ADJ', 'life_NOUN', 'Beg_NOUN')",2
10854,"('say_NOUN', 'man_NOUN', 'servant_NOUN')",2
11469,"('room_NOUN', 'gather_VERB', 'round_NOUN')",2
11434,"('sat_NOUN', 'Neleus_PROPN', 'peer_NOUN')",2
11261,"('year_NOUN', 'old_ADJ', 'unbroken_ADJ')",2
11256,"('broad_ADJ', 'brow_VERB', 'heifer_NOUN')",2
7317,"('foreign_ADJ', 'country_NOUN', 'nobody_NOUN')",2
7384,"('heave_NOUN', ""'s_PART"", 'sanction_NOUN')",2
7372,"('bar_ADJ', 'ocean_NOUN', 'fear_ADJ')",2
7107,"('fragrant_ADJ', 'olive_ADJ', 'oil_NOUN')",2
7113,"('old_NOUN', 'well_ADV', 'ripen_ADJ')",2
7072,"('spacious_ADJ', 'store_NOUN', 'room_NOUN')",2
7076,"('father_NOUN', ""'s_PART"", 'treasure_NOUN')",2
7193,"('case_NOUN', 'poor_ADJ', 'man_NOUN')",2
7153,"('keep_NOUN', 'Euryclea_PROPN', 'daughter_NOUN')",2
7151,"('old_ADJ', 'house_NOUN', 'keep_NOUN')",2
7150,"('faithful_ADJ', 'old_ADJ', 'house_NOUN')",2
7773,"('deep_ADJ', 'blue_NOUN', 'wave_NOUN')",2
6334,"('father_NOUN', ""'s_PART"", 'old_ADJ')",2
6502,"('work_NOUN', 'half_ADP', 'done_NOUN')",2
6766,"('outer_NOUN', 'court_NOUN', 'Antinous_ADJ')",2
6759,"('suitor_NOUN', 'flay_VERB', 'goat_NOUN')",2
6733,"('sea_NOUN', 'without_ADP', 'delay_NOUN')",2
6827,"('noble_ADJ', 'father_NOUN', 'Antinous_ADJ')",2
8829,"('Priam_NOUN', 'us_DET', 'best_ADJ')",2
8758,"('brave_ADJ', 'father_NOUN', 'Ulysse_NOUN')",2
8919,"('try_NOUN', 'every_DET', 'kind_NOUN')",2
8852,"('man_NOUN', 'singularly_ADV', 'fleet_ADJ')",2
8625,"('unhappy_ADJ', 'father_NOUN', 'Ulyss_NOUN')",2
8565,"('man_NOUN', ""'s_PART"", 'hand_NOUN')",2
9173,"('hard_ADJ', 'word_NOUN', 'whereon_NOUN')",2
9171,"('stood_NOUN', 'bandy_VERB', 'hard_ADJ')",2
9239,"('number_NOUN', 'staye_VERB', 'behind_NOUN')",2
7880,"('grey_NOUN', 'eye_VERB', 'daughter_NOUN')",2
7839,"('deep_ADJ', 'blue_NOUN', 'water_NOUN')",2
7901,"('dawn_NOUN', 'book_PROPN', 'third_ADJ')",2
7899,"('dark_ADJ', 'till_NOUN', 'dawn_NOUN')",2
8508,"('drink_NOUN', 'Nestor_PROPN', 'knight_NOUN')",2
8229,"('Nestor_NOUN', ""'s_PART"", 'son_NOUN')",2
