,bigram,chi-sq
0,"('Abraham', 'Lincoln')",136084.0
1,"('Brad', 'Osgood')",136084.0
2,"('mag', 'ang')",136084.0
3,"('Aah', 'Aah')",105944.22104172892
4,"('Instructor', 'Brad')",98279.27743277815
5,"('Captain', 'Nemo')",91583.55474865674
6,"('Commander', 'Farragut')",83734.7676025283
7,"('<', '>')",81104.08195490256
8,"('num', 'num')",79976.41577130098
9,"('Professor', 'Aronnax')",66736.69802854424
10,"('don', '’t')",58676.07656861737
11,"('Hello', 'hello')",57969.23007841775
12,"('exp', 'var')",53096.19397474864
13,"(""'"", 'll')",48317.5511664808
14,"('N', 'land')",47471.26140833499
15,"('Commander', 'farragut')",45352.66583866756
16,"('sheet', 'iron')",44755.98615837724
17,"('exercise', '2')",37636.73356041498
18,"('two', 'pi')",32623.56456450729
19,"('z1', 'z2')",32087.227271483407
20,"('all', 'right')",32056.144006002294
21,"('', 'do')",29464.645326962956
22,"('hello', 'hello')",28975.383586686963
23,"('abstraction', 'barrier')",28388.868525787795
24,"('T', 'knot')",28282.286172943295
25,"('die', 'die')",28089.251790198057
26,"('underwater', 'boat')",27015.822450324362
27,"('3', '4')",26660.431121219215
28,"('relative', 'frequency')",25764.658409523676
29,"('periodic', 'phenomena')",24471.434364835583
30,"('F', 'hat')",24376.594308228316
31,"('c', 'sub')",24202.222030974117
32,"('x', 'y')",23510.828853123003
33,"('complex', 'number')",22174.221854250172
34,"('cond', 'null')",21979.06989039009
35,"('do', 'not')",21268.056958491976
36,"('doesn', '’t')",21074.140093609654
37,"('computer', 'science')",20811.274263548166
38,"('4', '5')",19352.77348425912
39,"('won', '’t')",19316.27026964418
40,"('little', 'bit')",18466.005930715583
41,"('honor', 'code')",18209.060966049015
42,"('ang', 'r')",17282.270682532617
43,"('empty', 'wall')",16385.105899986687
44,"('oh', 'baby')",16340.195320460389
45,"('deep', 'breath')",16187.499812423162
46,"('apply', 'generic')",16128.49098711297
47,"('section', 'leader')",14502.825652737974
48,"('rather', 'than')",14159.689399800724
49,"('enumerate', 'interval')",13874.524385046348
50,"('complex', 'exponential')",13742.916781008478
51,"('real', 'part')",13572.11105947067
52,"('figure', '2')",13436.195320906998
53,"('real', 'imag')",12895.393694752232
54,"('imaginary', 'part')",12764.487070816596
55,"('corner', 'split')",12294.75439632271
56,"('ned', 'land')",10753.65490238933
57,"('datum', 'abstraction')",10197.412686218788
58,"('me', 'oh')",8884.321740945123
59,"('late', 'day')",7469.26741213969
60,"('few', 'minute')",7396.778525623587
61,"('Ne', 'land')",7277.70445710324
62,"('rational', 'number')",7258.870835270535
63,"('datum', 'direct')",6826.9520618231245
64,"('talk', 'about')",6770.1348453689
65,"('mister', 'land')",6707.066196763745
66,"('from', 'mag')",6577.0829055097
67,"('at', 'least')",6413.144612170361
68,"('scheme', 'number')",6350.09886565214
69,"('datum', 'object')",6325.052374566633
70,"('count', 'leave')",6279.771346491133
71,"('no', 'longer')",6094.541929454514
72,"('2', '3')",5929.492223262714
73,"('periodic', 'phenomenon')",5918.739104545837
74,"('k', 't')",5765.438154757463
75,"('square', 'limit')",5712.915308384518
76,"('m', 't')",5669.542206070527
77,"('look', 'at')",5661.112802019616
78,"('imag', 'part')",5340.205138343762
79,"('my', 'head')",5259.750454847878
80,"('test', 'case')",5206.173297096881
81,"('for', 'example')",5149.197571503951
82,"('Huffman', 'tree')",5134.89002806733
83,"('someone', 'else')",5126.9829148135
84,"('more', 'than')",5122.231756524031
85,"('fall', 'away')",5108.203143437618
86,"('part', 'z')",5024.758164766575
87,"('generic', 'arithmetic')",4780.318885934837
88,"('meter', 'long')",4754.613557445851
89,"('1', '2')",4711.938518691676
90,"('front', 'door')",4634.7918842205645
91,"('no', 'doubt')",4484.104350974025
92,"('sub', 'k')",4447.028666905559
93,"('kind', 'of')",4330.276366260456
94,"('minus', 'm')",4318.969896204001
95,"('I', '')",4255.267914157051
96,"('make', 'vect')",4137.274864167735
97,"('Conseil', 'reply')",4120.231198076477
98,"('magnitude', 'z')",4118.908572905182
99,"('left', 'branch')",4046.218173530374
100,"('k', 'E')",4006.817756251968
101,"('t', 'plus')",3989.336168777859
102,"('It', ""'s"")",3881.1990888708356
103,"('we', 'can')",3878.5389826486644
104,"('intersection', 'set')",3830.5443036830056
105,"('lambdum', 'x')",3706.589936659454
106,"('z', 'define')",3687.9349007717688
107,"('let', 'i')",3631.2351454446125
108,"('ordinary', 'number')",3602.8918117335734
109,"('pi', 't')",3594.175551215673
110,"('’re', 'gonnon')",3538.657984791404
111,"('type', 'tag')",3366.318515230406
112,"('want', 'to')",3339.9321406065615
113,"('', 'can')",3283.05621573
114,"('deal', 'with')",3244.4230489177344
115,"('k', 'equal')",3241.96481042768
116,"('o', ""'"")",3230.6025194058643
117,"('minus', 'n')",3197.7712526319033
118,"('angle', 'z')",3135.5095232440094
119,"('I', '’m')",3088.9460765597782
120,"('too', 'much')",3086.3272236620014
121,"('polar', 'z')",3054.776025658493
122,"('door', 'open')",3045.8288750698607
123,"('transform', 'painter')",3009.53318637654
124,"('try', 'to')",2862.6229869788367
125,"('pick', 'up')",2849.386456261829
126,"('less', 'than')",2783.0322422236536
127,"('even', 'though')",2771.719006196241
128,"('periodic', 'function')",2741.368914069778
129,"('if', 'you')",2690.4403883588166
130,"('that', '’s')",2657.843848986553
131,"('rectangular', 'z')",2644.2114944446967
132,"('finite', 'sum')",2640.1340354681515
133,"('think', 'about')",2631.2698356791575
134,"('equal', 'minus')",2608.381106078146
135,"('away', 'from')",2603.0884893451425
136,"('worry', 'about')",2587.4994420615835
137,"('sort', 'of')",2575.3366748013136
138,"('there', 'be')",2489.4176004192973
139,"('', 'ai')",2439.015063461041
140,"('y', 'tag')",2435.0820636371404
141,"('list', '1')",2367.4255162848226
142,"('can', 'not')",2333.146355110252
143,"('from', 'zero')",2326.090629906311
144,"('’m', 'gonnon')",2280.9295827847786
145,"('picture', 'language')",2273.6257238416406
146,"('generic', 'operation')",2233.433627594283
147,"('pi', 'k')",2220.865775720424
148,"('pi', 'i')",2173.4104960296104
149,"('part', 'z1')",2108.0759885439857
150,"('part', 'z2')",2108.0759885439857
151,"('know', 'what')",2083.88337041756
152,"('a', 'little')",2062.88521597792
153,"('it', '’s')",2058.623548256538
154,"('sign', 'up')",2031.659825106014
155,"('period', 'one')",2022.2503866164802
156,"('for', 'instance')",1998.0500624764875
157,"('of', 'the')",1948.8717406504556
158,"('put', ""'"")",1941.848548120438
159,"('how', 'many')",1925.9750567080062
160,"(""'"", 'clock')",1908.7108646493105
161,"(""'"", ""'"")",1905.813177555335
162,"('my', 'ear')",1879.9401005815153
163,"('depend', 'on')",1876.0852519143623
164,"('in', 'term')",1870.1655156449967
165,"('better', 'than')",1865.9060688750303
166,"('on', 'board')",1855.9123891277404
167,"('1', '0')",1844.420710595466
168,"('many', 'people')",1837.1881078946499
169,"('the', 'same')",1815.5595545094613
170,"('star', 'at')",1796.2136495311706
171,"('able', 'to')",1772.1780809160343
172,"('each', 'other')",1758.8507780236928
173,"('datum', 'structure')",1736.1635447421231
174,"('people', 'who')",1732.8666147160409
175,"('in', 'the')",1716.8080310076841
176,"('it', ""'s"")",1691.1045760990144
177,"('very', 'simple')",1688.922497775978
178,"('my', 'arm')",1665.922910773788
179,"('interval', 'from')",1658.4437762363707
180,"('section', '2')",1657.6050137060195
181,"('you', '’re')",1639.5517996323445
182,"('ai', 'not')",1557.408544962473
183,"('0', '0')",1555.5963536788458
184,"('right', 'so')",1516.025180805708
185,"('such', 'as')",1507.0651962394934
186,"('imag', 'x')",1504.4754343296718
187,"('there', '’')",1499.0477245487975
188,"('his', 'hand')",1483.1814713588835
189,"('define', 'make')",1476.2694726797256
190,"('make', 'real')",1474.0346878311468
191,"('it', 'be')",1453.3589714951431
192,"('a', 'few')",1415.3460470373182
193,"('right', 'branch')",1404.2590553457078
194,"('k', 'minus')",1394.4164090236582
195,"('I', 'will')",1349.8715821749597
196,"('come', 'back')",1310.5187970756645
197,"('this', 'class')",1275.1442647899005
198,"('come', 'up')",1273.800105177713
199,"('y', 'put')",1248.766395887297
200,"('my', 'heart')",1230.3895402808787
201,"('term', 'of')",1212.726689499901
202,"('his', 'voice')",1187.947110431524
203,"('right', 'split')",1184.4479428269308
204,"('need', 'to')",1181.2336730854709
205,"('part', 'rectangular')",1180.0577493884996
206,"('+', 'x')",1168.0339747280805
207,"('if', 'null')",1160.6673676167316
208,"('minus', 'two')",1150.2543413432072
209,"('a', 'single')",1114.1701791085786
210,"('operate', 'on')",1105.5044575114694
211,"('okay', 'so')",1090.926952576387
212,"('be', 'able')",1086.227466160237
213,"('you', 'can')",1074.4798083262979
214,"('you', 'know')",1058.9065384649757
215,"('Alyssa', ""'s"")",1054.4599531762954
216,"('f', 'of')",1051.777739171848
217,"('allow', 'us')",1018.138740185388
218,"('', 'will')",1005.8109666454413
219,"('his', 'eyes')",1001.6699814324685
220,"('my', 'truck')",985.5175989499664
221,"('empty', 'list')",974.3294035190196
222,"('with', 'respect')",973.0669595065762
223,"('suppose', 'we')",970.7555839331403
224,"('wait', 'for')",961.488342912852
225,"('look', 'like')",958.9991495674357
226,"('on', 'the')",956.1215632159697
227,"('how', 'much')",946.5027524261233
228,"('of', 'T')",936.7985754785149
229,"('for', 'each')",936.3380385919972
230,"('no', 'matter')",931.3541849710585
231,"('as', 'argument')",908.8008130579334
232,"('list', 'structure')",893.9582960015277
233,"('and', 'then')",891.4812544457088
234,"('a', 'finite')",883.1630003662589
235,"('the', 'Abraham')",867.3920419286211
236,"('last', 'time')",859.5316181813698
237,"('I', 'be')",857.5680623628616
238,"('some', 'people')",850.5907127870854
239,"('Edward', ""'s"")",848.1196934885869
240,"('be', 'not')",847.1382242038587
241,"('in', 'figure')",838.7562973046873
242,"('tell', 'i')",836.4260559605904
243,"('go', 'on')",835.7586454715554
244,"('shake', 'my')",834.157589295201
245,"('y', 'define')",825.421158039552
246,"('will', 'not')",824.9298236958983
247,"('my', 'mind')",817.7583664236315
248,"('rest', 'of')",814.9741399856919
249,"('sine', 'and')",808.1029032927112
250,"('’t', 'know')",802.6318338163607
251,"('a', 'lot')",802.1026897659557
252,"('on', 'It')",798.6108436422677
253,"('over', 'here')",797.5153546123404
254,"('my', 'eyes')",794.4757558713054
255,"('his', 'face')",789.6057871028252
256,"('out', 'of')",785.6497713893853
257,"('not', 'cry')",783.348112120194
258,"('feel', 'how')",767.3226520378092
259,"('not', 'believe')",757.8158909786072
260,"('and', 'cosine')",754.6856112497019
261,"('make', 'sure')",741.3513733650844
262,"('you', 'want')",740.7709450880997
263,"('one', 'half')",738.3694741756905
264,"('to', 'me')",734.0263403810088
265,"('my', 'shoulder')",726.8768090040417
266,"('lot', 'of')",724.2891023277795
267,"('i', 'j')",722.1338362461962
268,"('the', 'first')",719.5654644881109
269,"('how', 'do')",713.5933788273898
270,"('we', 'need')",711.7540688486847
271,"('at', 'once')",707.7340694826152
272,"('right', 'now')",706.8873953418761
273,"('I', 'think')",703.1467726010613
274,"('seem', 'to')",700.9315841038178
275,"('we', 'have')",694.4719924777341
276,"('e', 'to')",693.4469450447727
277,"('not', 'know')",687.4950721899925
278,"('I', 'want')",676.0209975180177
279,"('from', 'behind')",672.4026732555354
280,"('not', 'worry')",666.476472478257
281,"('I', ""'"")",666.449708989693
282,"('have', 'to')",664.177436492224
283,"('r', 'a')",662.3321946317615
284,"('Ben', ""'s"")",654.9756903856796
285,"('square', 'list')",652.5381875658876
286,"('other', 'word')",650.2759244465568
287,"('it', '’')",647.797067074808
288,"('master', ""'s"")",647.2263946747191
289,"('just', 'fine')",642.7735138687029
290,"('much', 'more')",642.193790085813
291,"('we', 'will')",642.007644411694
292,"('one', 'period')",634.8688535927555
293,"('from', 'the')",625.1654170991997
294,"('the', 'following')",623.313045348222
295,"('as', 'a')",616.404421108645
296,"('far', 'as')",615.7986836217435
297,"('painter', 'n')",606.9759595538419
298,"('in', 'front')",602.4466964755256
299,"('his', 'eye')",601.3526552030046
300,"('I', '’ll')",601.0233491189
301,"('such', 'a')",586.9894903622275
302,"('he', 'smil')",586.2555058460209
303,"('my', 'face')",582.483342328798
304,"('along', 'with')",578.9594430970411
305,"('go', 'to')",577.8883452832898
306,"('be', 'a')",572.0413895947503
307,"('will', 'never')",568.3209632869367
308,"('representation', 'for')",564.4128724821747
309,"('let', ""'s"")",564.2832518215737
310,"('that', 'be')",563.9090077046229
311,"('to', 'keep')",560.902076397779
312,"('advantage', 'of')",557.6083870110701
313,"('', 'have')",549.6389207996716
314,"('kiss', 'i')",549.5570210755011
315,"('come', 'from')",549.3675279686593
316,"('so', 'much')",548.7114123843688
317,"('I', 'have')",547.1939829987625
318,"('of', 'course')",540.01998135833
319,"('the', 'sea')",539.9520747936075
320,"('if', 'we')",529.2476124143799
321,"('come', 'on')",526.595401055316
322,"('represent', 'as')",526.1744802425459
323,"('as', 'far')",522.8852285142931
324,"('instead', 'of')",515.895377954111
325,"('not', 'sure')",513.8822042631652
326,"('this', 'underwater')",509.0806984217193
327,"('not', 'want')",499.35779371236134
328,"('I', 'feel')",482.41451074810686
329,"('zero', 'to')",480.3797260276381
330,"('but', 'I')",480.0138611853915
331,"('value', 'of')",478.249091784337
332,"('I', 'guess')",477.0133368694835
333,"('number', 'system')",476.4546133681165
334,"('surface', 'of')",475.00235840194495
335,"('accord', 'to')",472.75762760765645
336,"('my', 'birthday')",472.58067205119994
337,"('I', 'KT')",472.3263476380204
338,"('front', 'of')",466.0817534071033
339,"('so', 'many')",463.6089618700391
340,"('the', 'frigate')",462.9978754670103
341,"('I', 'can')",459.54373623626867
342,"('like', 'Oh')",451.3338687244274
343,"('in', 'order')",449.8217806505582
344,"('hat', 'of')",448.5062776314735
345,"('go', 'through')",446.4673233020591
346,"('make', 'from')",445.68993398589356
347,"('like', 'this')",439.5954001849068
348,"('my', 'hand')",439.05498969909723
349,"('my', 'friend')",437.150528592808
350,"('he', 'say')",436.50641637189955
351,"('show', 'how')",435.98021956540623
352,"('the', 'table')",434.7770131466789
353,"('the', 'Nautilus')",433.51269391112083
354,"('i', 'k')",433.2102582262093
355,"('which', 'be')",430.9691551822825
356,"('at', 'the')",430.2782027063446
357,"('and', 'imaginary')",428.04459805235155
358,"('bunch', 'of')",419.21885085891984
359,"('end', 'of')",415.49818560134185
360,"('end', 'up')",410.84196352236467
361,"('start', 'with')",407.8516033832151
362,"('when', 'I')",406.20202231040435
363,"('a', 'good')",404.0213920357395
364,"('know', 'how')",401.5593034012004
365,"('fact', 'that')",398.1040412923844
366,"('will', 'be')",397.5195835482876
367,"('part', 'of')",397.1827258929573
368,"('E', 'to')",396.85235373403873
369,"('go', 'out')",394.29181951768487
370,"('by', 'the')",394.24739597535773
371,"('only', 'one')",376.1744270580847
372,"('the', 'commander')",375.9691049357895
373,"('the', 'ocean')",375.10767825727595
374,"('may', 'have')",374.8424758617023
375,"('I', 'don')",373.93457815992207
376,"('equal', 'to')",371.89317273590274
377,"('into', 'the')",369.78950927631087
378,"('have', 'not')",368.3685906285288
379,"('long', 'time')",367.71838980193513
380,"('when', 'we')",367.2061541890609
381,"('tree', 'define')",365.58707187928
382,"('tell', 'you')",365.04811746817114
383,"('same', 'time')",364.4939198837435
384,"('Charlie', ""'s"")",363.8480423879365
385,"('in', 'this')",363.69512220760606
386,"('must', 'have')",363.13165919310535
387,"('we', '’ll')",362.6207294942841
388,"('the', 'end')",361.13417008307175
389,"('cry', 'to')",358.20817701295385
390,"('I', 'say')",357.49311393031076
391,"('refer', 'to')",356.3310649796454
392,"('as', 'well')",356.2781286159902
393,"('middle', 'of')",356.20623185321233
394,"('feel', 'like')",354.5051827622745
395,"('the', 'other')",351.53827190436
396,"('give', 'i')",349.4053131581101
397,"('this', 'book')",349.2515368271943
398,"('will', 'have')",348.6096412868355
399,"('a', 'special')",346.9206994779748
400,"('through', 'the')",344.76230568858676
401,"('i', 'm')",342.63765268893815
402,"('way', 'to')",340.97435135051444
403,"('the', 'camera')",339.76807953444205
404,"('can', 'write')",338.77227162022507
405,"('this', 'be')",337.4344689992056
406,"('procedure', 'define')",336.62479428172816
407,"('how', 'long')",336.51520291177474
408,"('’m', 'you')",334.514924621531
409,"('to', 'see')",333.66725424771414
410,"('the', 'rest')",332.0540902205871
411,"('be', 'represent')",330.95000655496415
412,"('my', 'voice')",330.94205706009234
413,"('sine', 'of')",330.71340220115053
414,"('die', 'my')",328.3112805512281
415,"('at', 'i')",326.81820454767535
416,"('respect', 'to')",326.70115972988987
417,"('when', 'you')",322.7175217585067
418,"('first', 'time')",320.7172568071848
419,"('in', 'section')",319.3648010294735
420,"('it', 'seem')",318.7959883915625
421,"('with', 'a')",317.9663702623246
422,"('do', 'anything')",317.71809512210194
423,"('hate', 'you')",317.3712236803035
424,"('behind', 'that')",315.1671712904801
425,"('you', 'shall')",314.9295682422687
426,"(""'"", 'polar')",314.7506943615581
427,"('the', 'function')",313.01483047270443
428,"('work', 'with')",309.0760485069461
429,"('the', 'surface')",306.026552707999
430,"('under', 'the')",305.55634461540546
431,"('example', 'if')",303.6098508361095
432,"('number', 'of')",303.3396232782691
433,"('they', 'be')",300.0942985879859
434,"('I', 'mumble')",298.1772914324469
435,"('we', '’re')",297.6891402686398
436,"('produce', 'a')",295.8813764033361
437,"('it', 'feel')",293.82761273593945
438,"('we', 'be')",293.29703976896553
439,"('of', 'this')",292.6129039901587
440,"('against', 'my')",291.1303402503454
441,"('ability', 'to')",291.1084156607812
442,"('take', 'a')",291.02023630961844
443,"('to', 'the')",290.6377932957018
444,"('to', 'avoid')",289.82126207640994
445,"('and', 'I')",289.3267122667146
446,"('the', 'Canadian')",289.0024934080712
447,"('a', 'new')",287.75386505440247
448,"('the', 'sum')",285.51628831767687
449,"('the', 'monster')",284.5386189870136
450,"('order', 'to')",284.1066033348462
451,"('in', 'a')",283.83869001546407
452,"('you', 'may')",282.77733385359727
453,"('he', 'will')",280.86389795347145
454,"('I', 'realize')",279.7063305609172
455,"('have', 'a')",277.99621202185364
456,"('a', 'large')",276.48507189405836
457,"('be', 'just')",275.0239010803608
458,"('give', 'you')",274.620883020596
459,"('not', 'even')",273.35937100649875
460,"('I', '’ve')",272.45278473661403
461,"('I', 'knew')",272.43469783242705
462,"('just', 'like')",271.06853172504253
463,"('hard', 'to')",269.8611196547577
464,"('do', 'you')",266.8774874875059
465,"('easy', 'to')",265.47814173884393
466,"('I', 'wonder')",265.21872844848986
467,"('of', 't')",264.0124580360693
468,"('that', 'empty')",263.2676881202358
469,"('you', '')",262.56890887553624
470,"('in', 'my')",261.1798556534121
471,"('back', 'to')",260.6129590957218
472,"('a', 'big')",259.7436871617751
473,"('no', 'one')",259.0966514313464
474,"('work', 'on')",258.92936046514853
475,"('2', 'list')",258.7812365254281
476,"('the', 'harpooner')",258.5127141379614
477,"('we', ""'"")",256.8066674297303
478,"('may', 'be')",255.66416345214736
479,"('my', 'life')",255.03045758489816
480,"('different', 'from')",253.94092347488578
481,"('the', 'most')",251.0212939431964
482,"('the', 'world')",251.0212939431964
483,"('show', 'in')",250.86478194857617
484,"('my', 'name')",249.1179633860525
485,"('the', 'whole')",247.96161639355913
486,"(""'s"", 'face')",247.5562311217014
487,"('the', 'door')",246.93797269377694
488,"('the', 'entire')",246.44507578939348
489,"('as', 'follow')",246.07554514154646
490,"('can', 'see')",245.6880012241373
491,"('the', 'Scotia')",245.51147222488848
492,"('or', 'even')",245.26682263462533
493,"('at', 'all')",245.26673953129077
494,"('you', 'have')",244.9390049578091
495,"('sequence', 'of')",244.06648335900064
496,"('the', 'result')",243.18006939430146
497,"('a', 'list')",242.82370277752116
498,"('when', 'he')",242.10559553705048
499,"('I', 'shake')",241.49846377318093
500,"('’s', 'not')",240.84579107942923
501,"('but', 'it')",240.04557132637308
502,"('I', 'try')",239.8255970892696
503,"('go', 'back')",239.61556992023242
504,"('definition', 'of')",238.70606344966816
505,"('because', 'it')",238.34899886300624
506,"('it', '')",236.95220534720008
507,"('for', 'a')",236.83953624902213
508,"('with', 'the')",235.4360894244542
509,"('be', 'gonnon')",234.40775193885813
510,"('the', 'coefficient')",231.0424792460011
511,"('I', 'mean')",230.26179021125512
512,"('take', 'two')",229.8014007337893
513,"('the', 'original')",228.52966364612325
514,"('one', 'who')",227.044110577953
515,"('even', 'if')",226.61157186104052
516,"('the', 'middle')",226.12306292536383
517,"('one', 'of')",225.66721984999577
518,"('just', 'want')",224.9121027235014
519,"('ll', 'get')",223.1676274550206
520,"('talk', 'to')",220.7052706261397
521,"('the', 'interval')",219.87077744449905
522,"('you', 'own')",218.0391640158686
523,"('the', 'best')",213.5611162283841
524,"('why', '')",213.175649705056
525,"('you', 'friend')",211.35304755627965
526,"('make', 'up')",211.2546795019757
527,"('existence', 'of')",210.41241426110275
528,"('as', 'he')",209.411660958152
529,"('to', 'n')",209.35042839659116
530,"('begin', 'to')",209.24062613913947
531,"('create', 'a')",208.37447124637018
532,"('the', 'beginning')",207.73742312991544
533,"('have', 'already')",206.73286554220925
534,"('I', 'ask')",205.7808404377602
535,"('across', 'the')",205.4867799596219
536,"('in', 'particular')",204.8572196366727
537,"('who', 'have')",204.74413581295107
538,"('a', 'long')",204.7356725698456
539,"('you', 'wannon')",203.35352380001936
540,"('I', 'know')",201.44758483268313
541,"('one', 'way')",201.23205214912406
542,"('close', 'to')",201.21111074066738
543,"('get', 'out')",200.77972368776705
544,"('she', ""'s"")",200.44226078549153
545,"('a', 'second')",199.19291229343318
546,"('so', 'long')",198.95135164872067
547,"(""'s"", 'kind')",198.60072533075447
548,"('look', 'up')",198.20331602829106
549,"('this', 'point')",196.5467455897825
550,"('in', 'which')",196.53940510668193
551,"('the', 'way')",196.15591335221652
552,"('a', 'certain')",195.69336854379827
553,"('matter', 'of')",194.25944574828029
554,"('set', 'of')",192.7380276782082
555,"('live', 'in')",192.05744403778908
556,"('combination', 'of')",191.8386002350825
557,"('so', 'if')",191.83252378334305
558,"('what', 'I')",188.63741895378627
559,"('he', 'ask')",187.29151399116657
560,"('into', 'a')",187.01104651488708
561,"('be', 'no')",186.82621418812636
562,"(""'s"", 'voice')",186.50584641773355
563,"('so', 'that')",186.3018203905384
564,"('if', 'it')",185.78772689215913
565,"('ll', 'see')",185.31452498390487
566,"('you', 'need')",185.10813339188337
567,"('be', 'equal')",184.45956106840524
568,"('down', 'on')",184.1695647905723
569,"('the', 'morning')",182.05404572419033
570,"('guess', 'I')",181.6511035729095
571,"('in', 'fact')",181.6117990976764
572,"('the', 'last')",181.01445925955773
573,"('of', 'two')",180.07130412991242
574,"('there', ""'s"")",178.27287232243123
575,"('of', 'step')",177.56178585235014
576,"('be', 'already')",177.04691465402757
577,"('can', 'be')",176.62952621825596
578,"('he', 'seem')",176.35592735928063
579,"('as', 'if')",173.38330728735278
580,"('side', 'of')",172.38408537565047
581,"('before', 'I')",172.36963449784645
582,"('this', 'thing')",171.94336823543821
583,"('you', 'be')",170.51953906551543
584,"('piece', 'of')",170.43686297912646
585,"('the', 'Cullens')",169.87030651788106
586,"('the', 'root')",169.87030651788106
587,"('long', 'as')",169.67284996706968
588,"('if', 'they')",169.54174364728257
589,"('to', 'make')",168.78902996821589
590,"('think', 'of')",168.27126629372103
591,"('not', 'think')",168.13590289579398
592,"('you', ""'"")",167.00751180375536
593,"('magnitude', 'and')",166.9797869257974
594,"('at', 'each')",166.12804993946494
595,"('just', 'as')",165.5212149366996
596,"('if', 'I')",164.889147561826
597,"('program', 'that')",164.3821946711313
598,"('I', 'reply')",164.35413034311014
599,"('on', 'my')",163.33494549525125
600,"('that', ""'s"")",162.85542586903944
601,"('make', 'sum')",162.5982036283825
602,"('full', 'of')",162.52999584069204
603,"('no', 'no')",161.94465564976508
604,"('procedure', 'that')",161.78482564004565
605,"('have', 'no')",161.3152675152383
606,"('be', 'be')",160.89357558509826
607,"('we', 'shall')",160.26359929178165
608,"('for', 'i')",159.23437750643592
609,"('the', 'second')",158.3748417454981
610,"('the', 'rain')",158.23436010402747
611,"('the', 'crew')",158.1941285352223
612,"('about', 'how')",158.18392335754248
613,"('want', 'i')",157.7455182695158
614,"('I', 'wannon')",156.78687409576887
615,"('now', 'then')",156.22221466313815
616,"('see', 'you')",155.79817442412363
617,"('to', 'get')",154.6758975740152
618,"('the', 'kitchen')",154.06201844989135
619,"('the', 'worst')",154.06201844989135
620,"('list', 'of')",153.76665579064255
621,"('see', 'how')",152.73603010364283
622,"('toward', 'the')",152.47018022932795
623,"('we', 'must')",152.2514014080763
624,"('two', 'procedure')",150.82002119828175
625,"('’', 'a')",150.08558335019455
626,"('through', 'my')",149.90311904589757
627,"('in', 'general')",149.34025005975136
628,"('a', 'deep')",148.8681117613558
629,"('the', 'wave')",147.72920031838387
630,"('a', 'powerful')",147.39199288453898
631,"('the', 'sery')",146.58581262474306
632,"('speed', 'of')",146.50852439953147
633,"('a', 'very')",146.01393441194904
634,"('I', 'felt')",145.68367168766954
635,"('a', 'whole')",145.41008594251272
636,"('example', 'we')",145.40199445112896
637,"('pi', 'I')",145.2885811267056
638,"('what', 'be')",144.67762085359794
639,"('for', 'the')",144.3680929680299
640,"('', 'be')",144.24348242508793
641,"('it', 'will')",144.11977562670012
642,"('you', 'learn')",143.93333572749637
643,"('element', 'of')",143.65849232297845
644,"('in', 'love')",143.30350772590853
645,"('that', 'we')",142.3009991032948
646,"('procedure', 'for')",142.23368130785775
647,"('see', 'what')",140.98622434354
648,"('you', 'must')",140.9245395567313
649,"('do', 'it')",140.79786625420058
650,"('get', 'a')",140.73569820698748
651,"('the', 'sun')",140.69390009606366
652,"('before', 'he')",140.2035694805201
653,"('as', 'I')",139.8828389413021
654,"('you', 'get')",139.7391701841445
655,"('the', 'animal')",139.56934755679976
656,"('voice', 'be')",139.52603241408778
657,"('then', 'we')",139.33904545425048
658,"('of', 'a')",138.19015398622557
659,"('you', 'assignment')",136.8279164374158
660,"('ask', 'for')",136.82407274636753
661,"('make', 'i')",136.77042045323745
662,"('one', 'thing')",136.48644120580843
663,"('a', 'matter')",135.58354522107425
664,"('not', 'really')",135.56867848547543
665,"('the', 'floor')",134.43175514550265
666,"('how', 'can')",134.39190394265887
667,"('the', 'question')",133.44500434544057
668,"('lead', 'to')",133.3464904424706
669,"('the', 'two')",132.77147518280978
670,"('into', 'my')",131.13248128083086
671,"('I', 'get')",129.96709514485815
672,"('the', 'average')",129.74900506963797
673,"('what', 'do')",129.4506074387308
674,"('of', 'fact')",128.70514811805964
675,"('than', 'one')",128.48486140714996
676,"('', 'shall')",128.2790056138939
677,"('he', '')",128.1303188662772
678,"('can', 'feel')",128.02062928829034
679,"('the', 'basic')",126.77073950181143
680,"('to', 'move')",126.71806572099796
681,"('the', 'next')",126.61345925751797
682,"('the', 'edge')",126.55065224819973
683,"('a', 'complex')",126.17564378323898
684,"('shall', 'be')",125.69108992563207
685,"('to', 'understand')",125.54923567678394
686,"('to', 'change')",124.90430115767293
687,"('the', 'water')",124.83831421379297
688,"('to', 'find')",124.40716100727474
689,"('of', 'us')",124.13996135596427
690,"('implement', 'the')",123.62228348337302
691,"('about', 'it')",123.26061571381594
692,"('to', 'remember')",123.0422205714238
693,"('what', 'about')",122.84017988062637
694,"('take', 'i')",122.68555512535941
695,"('of', 'his')",122.52731681079429
696,"('under', 'my')",122.14981624910479
697,"('be', 'go')",122.11398485132823
698,"('level', 'of')",121.55599489821603
699,"('a', 'set')",120.28941550462741
700,"('to', 'generate')",118.49938173567662
701,"('to', 'use')",117.9313925169952
702,"('a', 'b')",116.99119631043229
703,"('most', 'of')",116.57938555562129
704,"('be', 'sure')",116.47729688171913
705,"(""'"", 'make')",116.32302035910904
706,"('how', 'to')",116.2594247252857
707,"('that', 'I')",114.78765992222284
708,"('I', 'star')",114.52461719241161
709,"('not', 'gonnon')",114.45279400010567
710,"('argument', 'a')",114.20498489515167
711,"('the', 'word')",114.03982766734423
712,"('give', 'by')",113.94086699553239
713,"('same', 'as')",113.59188102308636
714,"('represent', 'a')",113.18216891361531
715,"('all', 'the')",113.01007274628495
716,"('believe', 'that')",112.50168408913852
717,"('we', 'use')",112.41407563622457
718,"('go', 'from')",112.41033292454892
719,"('what', 'we')",112.14634500697045
720,"('have', 'never')",111.85953623222608
721,"('cosine', 'of')",111.72175833579306
722,"('the', 'problem')",111.37478463203588
723,"('so', 'again')",111.22611453129018
724,"('she', '')",111.17394896906993
725,"('and', 'again')",110.6256600787219
726,"('a', 'frame')",110.08919189600532
727,"('must', 'be')",110.0725637917913
728,"('the', 'class')",109.80954064497783
729,"('with', 'such')",109.62885380313652
730,"('can', 'do')",109.59343704813885
731,"('shall', 'not')",109.42114309489018
732,"('of', 'combination')",109.11941074704514
733,"('be', 'still')",107.60334828936233
734,"('again', 'I')",107.08301739863408
735,"('the', 'movie')",107.04676815619179
736,"('and', 'angle')",107.00508313567421
737,"('can', 'use')",106.96084675463246
738,"('just', 'then')",106.88613958461639
739,"('return', 'the')",106.3437584952845
740,"('so', 'I')",105.88068641640331
741,"('the', 'pain')",105.8313347324605
742,"('can', 'take')",105.62347728734765
743,"('it', 'may')",105.32384317945541
744,"('construct', 'a')",105.11036189095235
745,"('ll', 'be')",104.76188764563813
746,"('element', 'in')",104.39404413570482
747,"('the', 'complex')",104.18867847526107
748,"('I', 'hear')",103.73313758600062
749,"('a', 'important')",103.73038526402527
750,"('here', 'we')",103.37996368717592
751,"('the', 'subject')",103.01076286524744
752,"('here', 'be')",102.60936442783687
753,"('be', 'nothing')",102.5219913514723
754,"('point', 'of')",102.09953091135769
755,"('be', 'very')",101.75311362400716
756,"('the', 'symbol')",101.57911012995895
757,"('find', 'it')",101.51854645465798
758,"('you', 'section')",101.43039168151782
759,"('the', 'set')",101.32625890235687
760,"('know', 'that')",100.92742183094366
761,"('the', 'value')",100.68116882072515
762,"('a', 'integer')",100.23090842698407
763,"('they', '')",100.08675190721435
764,"('about', 'this')",100.03488352725901
765,"(""'"", 'complex')",99.16516745930873
766,"(""'"", 'x')",99.05515620146262
767,"('to', 'think')",98.61537072184696
768,"('the', 'sequence')",98.21210097865861
769,"('each', 'of')",98.15298117805713
770,"('he', 'take')",97.988328170752
771,"('operation', 'on')",97.78758364361423
772,"('sum', 'of')",97.67842900962077
773,"('to', 'represent')",97.64609466136511
774,"('happen', 'to')",97.62969905195861
775,"('in', 'his')",97.19425186374346
776,"('what', 'you')",97.0969592677658
777,"('up', 'for')",96.36280607617515
778,"('generate', 'the')",96.17310314008779
779,"('to', 'work')",94.78004523696454
780,"('which', 'one')",94.03822363747057
781,"('be', 'sorry')",93.84046414341782
782,"('to', 'talk')",93.84033259348094
783,"('have', 'be')",93.4276018558663
784,"('go', 'up')",93.31889144658088
785,"('to', 'be')",92.99647739322297
786,"('not', 'seem')",92.38382722175658
787,"('of', 'sine')",92.2742415670605
788,"('to', 'know')",92.1235388836916
789,"('write', 'it')",92.02478907580151
790,"('the', 'frame')",91.59977120296135
791,"(""'s"", 'come')",91.33719324426139
792,"('while', 'I')",90.63789632531842
793,"('be', 'almost')",90.61689646586953
794,"('write', 'a')",90.30428755244695
795,"('the', 'existence')",90.15252336222305
796,"('sense', 'of')",89.94876104410183
797,"('it', 'take')",89.70610125651675
798,"('if', 'there')",88.51764120774978
799,"('the', 'fact')",88.37777683456243
800,"('the', 'picture')",88.30846317045936
801,"('where', 'I')",88.2790683872231
802,"('the', 'sine')",87.87214217958775
803,"('and', 'so')",87.53958392164145
804,"('though', 'I')",87.4932560638297
805,"('to', 'say')",87.01838893391951
806,"('type', 'of')",86.77036295663538
808,"('a', 'simple')",86.61889770027803
807,"('a', 'great')",86.61889770027803
809,"('then', 'he')",86.5869490244762
810,"('we', 'want')",86.40025474108872
811,"('not', 'see')",86.38924975797997
812,"('so', 'on')",86.25507555792078
813,"('be', 'also')",86.08593399117431
814,"('something', 'that')",85.22341608032333
815,"('the', 'house')",84.90938089965076
816,"('modify', 'the')",84.6956949990838
817,"('length', 'of')",84.64283640666429
818,"('i', 'to')",84.61390002633006
819,"('of', 'my')",84.26072324376642
820,"('to', 'speak')",84.0783685920597
821,"('I', 'shall')",83.80006898938265
822,"('you', 'eyes')",83.4152981719404
823,"('the', 'ship')",83.40693600259202
824,"('so', 'we')",83.14215774416141
825,"('think', 'I')",82.32219798513167
826,"('he', 'be')",81.66411302005825
827,"('to', 'run')",81.57810738131414
828,"('to', 'happen')",81.50776046339476
829,"('turn', 'to')",81.26763691015708
830,"('of', 'its')",80.9884909146469
831,"('a', 'tree')",80.68731203409277
832,"('the', 'intersection')",79.50685695334705
833,"('again', 'and')",79.18908697859862
834,"('know', 'if')",78.69337977378207
835,"('in', 'mind')",78.46709750583085
836,"('after', 'a')",78.18703682221214
837,"('I', 'love')",77.33113712076782
838,"('a', 'man')",77.12736980606948
839,"('the', 'tree')",77.10531873576915
840,"('a', 'painter')",76.88691090071879
841,"('the', 'primitive')",76.83058945080693
842,"('what', ""'s"")",76.67408868726396
843,"('a', 'procedure')",76.65244292014141
844,"('when', 'they')",76.59367783026451
845,"('want', 'you')",76.43648322964842
846,"('good', 'for')",76.10561046558024
847,"('use', 'the')",75.8554482928313
848,"('I', 'find')",75.76178283977332
849,"('not', 'only')",75.7183534305255
850,"('give', 'a')",75.71514846259551
851,"('where', 'you')",75.47587708253258
852,"('half', 'a')",74.99616653471223
853,"('you', 'think')",74.84286933423942
854,"('never', 'have')",74.64536975161641
855,"('be', 'someth')",74.45739900627439
856,"('of', 'k')",73.82426410545408
857,"('the', 'dark')",73.64157952454711
858,"('like', 'a')",73.26932214695705
859,"('enough', 'to')",73.19551461254225
860,"('picture', 'of')",72.55526459831191
861,"('since', 'I')",72.34090607892635
862,"('argument', 'and')",72.20654932081413
863,"('of', 'they')",72.16820336054035
864,"('against', 'the')",72.15942410155186
865,"('of', 'four')",71.8987303673307
866,"('corner', 'of')",71.7991472323707
867,"('up', 'with')",71.73802263499697
869,"('true', 'I')",71.5688471060904
868,"('I', 'remember')",71.5688471060904
870,"('you', 'see')",71.50398054400847
871,"('and', 'be')",71.32621318744283
872,"('the', 'street')",71.19981175148577
873,"('here', 'but')",71.0791906485658
874,"('just', 'a')",71.06967215892801
875,"('look', 'for')",70.57984136358318
876,"('between', 'the')",70.4674932400966
877,"('but', 'if')",69.91024405703001
878,"('use', 'to')",69.46132291745903
879,"('I', 'look')",69.06011885234052
880,"('he', 'look')",68.66871584829765
881,"('to', 'apply')",68.61110629417904
882,"('the', 'procedure')",68.49240753698852
883,"('show', 'you')",68.46139362363564
884,"('take', 'as')",68.41832198792517
885,"('to', 'write')",67.9923510763937
886,"('up', 'and')",67.96590436809589
887,"('of', 'datum')",67.87388710773638
888,"('I', 'need')",67.84269822172831
889,"('interval', 'of')",67.81277809154729
890,"('the', 'Fourier')",67.45975981186307
891,"('to', 'implement')",67.40830532122547
892,"('reason', 'I')",66.76424926405932
893,"('to', 'tell')",66.42560749685151
894,"('you', 'mind')",66.2588231704901
895,"('he', 'can')",66.19227860454296
896,"('I', 'see')",66.14026850980586
897,"('and', 'return')",65.97620525205099
898,"('return', 'a')",65.94997337094144
899,"('up', 'to')",65.49419974848585
900,"('see', 'i')",65.1583676530487
901,"('be', 'I')",65.1219598041823
902,"('so', 'there')",65.12190743340112
903,"('hear', 'the')",65.10422394544624
904,"('say', 'that')",64.9276204993771
905,"('return', 'to')",64.85887023759943
906,"('because', 'you')",64.75431070513913
907,"('a', 'while')",64.68770177352023
908,"('where', 'we')",64.64356334761689
909,"('sure', 'that')",64.60691785307472
910,"('for', 'us')",64.58748428711672
911,"('it', 'have')",64.52250616831115
912,"('but', 'there')",63.89323082946973
913,"('the', 'answer')",63.17323808359127
914,"('if', 'he')",62.72931549619616
915,"('we', '')",62.718866891501634
916,"('make', 'it')",62.56215730283311
917,"('to', 'believe')",62.51927020886153
918,"('be', 'use')",62.48512012517029
919,"('a', 'half')",62.271934547982475
920,"('it', 'the')",62.118571088503835
921,"('to', 'take')",61.685097563658346
922,"('will', 'like')",61.26148128440392
923,"('to', 'go')",61.12535286780623
924,"('the', 'note')",61.11259628483746
925,"('the', 'narwhale')",60.85493625050169
926,"('the', 'third')",60.85493625050169
927,"('it', 'also')",60.01367408316332
928,"('why', 'I')",60.00524832642831
929,"('a', 'periodic')",59.9912681700663
930,"('to', 'hear')",59.875333404004145
931,"('in', 'some')",59.31619721779592
932,"('idea', 'of')",59.060308704562786
933,"('up', 'in')",58.89964396604703
934,"('the', 'cosine')",58.530202910132246
935,"('so', 'you')",58.5097493632171
936,"('operation', 'that')",58.50457411864454
937,"('that', 'you')",58.25919454610254
938,"('outside', 'the')",57.92532922223339
939,"('be', 'close')",57.610008625360216
940,"('be', 'fine')",57.610008625360216
941,"('n', 'to')",57.57843541307866
942,"('maybe', 'I')",57.332842220982315
943,"('we', 'know')",57.300404709603626
944,"('what', 'have')",56.33948179014
945,"('be', 'implement')",56.24609367765842
946,"('next', 'to')",56.21734954131433
947,"('the', 'front')",56.09592683337657
948,"('door', 'and')",56.00271383398398
949,"('take', 'it')",55.811953588586505
950,"('the', 'language')",55.73642419417582
951,"('because', 'I')",55.55513245873552
952,"('for', 'some')",55.18018997954355
953,"('with', 'his')",54.85733367103109
954,"('up', 'from')",54.71020649983218
955,"('be', 'better')",54.64482350941319
956,"('a', 'language')",54.3938729578297
957,"('over', 'my')",54.36814319896956
958,"('a', 'sequence')",54.23238711056542
959,"('not', 'have')",54.22373868583479
960,"('time', 'I')",54.18499721217548
961,"('see', 'that')",54.08284133459788
962,"('right', 'and')",54.00216745438149
963,"('like', 'that')",53.88581160248968
964,"('you', 'will')",53.84971976482855
965,"('you', 'life')",53.821729377409724
966,"('sound', 'of')",53.808062726656104
967,"('hand', 'and')",53.74595781694821
968,"('I', 'suppose')",53.56336488286845
969,"('square', 'of')",53.4061397057054
970,"('the', 'name')",53.20813294166992
971,"('the', 'sound')",53.20813294166992
972,"('along', 'the')",53.15859116315551
973,"('in', 'any')",52.88438518037376
974,"('the', 'appropriate')",52.683171709316724
975,"('even', 'for')",52.48977160600005
976,"('in', 'turn')",52.128470589127616
977,"('turn', 'in')",52.128470589127616
978,"('think', 'it')",52.07863315725074
979,"('the', 'system')",51.73634262451981
980,"('of', 'period')",51.6380256882354
981,"('in', 'exercise')",51.404627406704826
982,"('face', 'it')",51.07201709198764
983,"('know', 'it')",51.04469548645903
984,"('out', 'with')",50.973503090136965
985,"('all', 'this')",50.58392726828502
986,"('the', 'operation')",50.46188390996094
987,"('the', 'wall')",50.412327749718806
988,"('be', 'free')",50.40531077452968
989,"('sure', 'I')",50.16281332051079
990,"('with', 'this')",49.9591567321595
991,"('a', 'give')",49.63166136025011
992,"('here', 'and')",49.481395251094504
993,"('object', 'of')",49.20025272147559
994,"('now', 'I')",49.18103246612341
995,"('a', 'different')",49.09431258187617
996,"('time', 'to')",48.89096371268071
997,"('now', 'we')",48.734323487810016
998,"('put', 'in')",48.6216799381611
999,"('use', 'this')",48.55749404294453
1000,"('be', 'why')",48.085451378297606
1001,"('then', 'it')",48.04998737814232
1002,"('with', 'i')",48.01816244674588
1003,"('Oh', 'I')",47.914386916999455
1004,"('I', 'tell')",47.8582052775506
1005,"('from', 'i')",47.77945711366666
1006,"('by', 'a')",47.60681655691307
1007,"('see', 'it')",47.548361833716264
1008,"('it', 'go')",47.423822762165756
1009,"('be', 'actually')",47.119798546336796
1010,"('the', 'program')",47.02371697730056
1011,"('like', 'I')",46.82107779423491
1012,"('and', 'we')",46.67707256373063
1013,"('say', 'it')",46.64353413548546
1014,"('they', 'have')",46.501864412656225
1015,"('up', 'on')",46.017100559771286
1016,"('not', 'come')",45.78623709042254
1017,"('and', 'to')",45.66514006603489
1018,"('the', 'corner')",45.54748393342998
1019,"('world', 'and')",45.52449469959238
1020,"('a', 'system')",45.42735060293531
1021,"('the', 'left')",45.402526542850445
1022,"('start', 'to')",45.338543773384565
1023,"('out', 'on')",45.28592132042668
1024,"('they', 'can')",45.0448202286216
1025,"('and', 'it')",44.47726905920311
1026,"('thing', 'that')",44.46201149510985
1027,"('over', 'the')",44.42663541592242
1028,"('be', 'always')",44.33316856897717
1029,"('some', 'of')",44.20634710216706
1030,"('not', 'make')",44.0321280315636
1031,"('make', 'you')",43.53394421883407
1032,"('be', 'like')",43.49016479747672
1033,"('life', 'be')",43.07352728579288
1034,"('put', 'it')",42.9819657460442
1035,"('to', 'sort')",42.91014662820269
1036,"('name', 'of')",42.90204935789703
1037,"('but', 'we')",42.835937445652526
1038,"('because', 'we')",42.80555959386701
1039,"('what', 'he')",42.573321705155415
1040,"('’s', 'a')",42.479810282812956
1041,"('will', 'take')",42.17768903376205
1042,"('in', 'such')",41.96037556742478
1043,"('he', ""'s"")",41.95113610303596
1044,"('real', 'and')",41.832694074807726
1045,"('on', 'a')",41.73910922698472
1046,"('a', 'program')",41.716212143478195
1047,"('function', 'be')",41.3926123036166
1048,"('just', '')",41.2017455159627
1049,"('face', 'be')",40.98861504244454
1050,"('not', 'look')",40.87124953323502
1051,"('to', 'turn')",40.61224693096353
1052,"('a', 'question')",40.57275715579952
1053,"('be', 'require')",40.51894600450212
1054,"('class', 'and')",40.169245399870356
1055,"('the', 'signal')",40.09502870452706
1056,"('they', 'will')",39.94628653471787
1057,"('the', 'general')",39.91027958964985
1058,"('to', 'do')",39.90133399564761
1059,"('for', 'complex')",39.8080271637648
1060,"('element', 'that')",39.71980251163791
1061,"('in', 'here')",39.33029578100634
1062,"('the', 'point')",39.26317566295819
1063,"('work', 'in')",39.149974173875165
1064,"('only', 'a')",39.0828310415344
1065,"('use', 'a')",39.002080044758586
1066,"('from', 'one')",38.93351048216283
1067,"('the', 'idea')",38.78845129780519
1068,"('off', 'the')",38.556298860193245
1069,"('my', 'way')",38.424363352899654
1070,"('ll', 'have')",38.15810199621582
1071,"('by', 'this')",38.09244120951947
1072,"('one', 'all')",37.820263814099235
1073,"('to', 'give')",37.774292059154405
1074,"('the', 'reason')",37.73276186613934
1075,"('Edward', 'and')",37.7174203737237
1076,"('so', 'it')",37.65529378871472
1077,"('from', 'my')",37.58820138840324
1078,"('right', 'but')",37.55980216519713
1079,"('a', 'generic')",37.34552124544131
1080,"('about', 'that')",37.06720490485026
1081,"('I', 'just')",37.046473417666974
1082,"('us', 'to')",36.79873053419083
1083,"('object', 'to')",36.64939720493736
1084,"('the', 'empty')",36.55875169544574
1085,"('it', 'all')",36.23088537675502
1086,"('well', 'I')",36.12420674090229
1087,"('for', 'this')",35.766004259033686
1088,"('the', 'night')",35.52605391506518
1089,"('but', 'this')",35.359275918322496
1090,"('eyes', 'be')",35.231142983340746
1091,"('like', 'i')",35.04751091171495
1092,"('and', 'even')",34.655824052597275
1093,"('so', 'what')",34.62066923419895
1094,"('gonnon', 'be')",34.5535480640071
1095,"('and', 'down')",34.486739176177686
1096,"('make', 'a')",34.46494240444101
1097,"('about', 'the')",34.27833776851686
1098,"('be', 'true')",34.139312547611254
1099,"('why', 'be')",34.01285227889682
1100,"('be', 'hard')",33.54985413581864
1101,"('at', 'this')",33.533656497909014
1102,"('way', 'of')",33.506355983681175
1103,"('mean', 'of')",33.48123889845877
1104,"('a', 'pair')",33.32618266442354
1105,"('we', 'just')",33.24919464335101
1106,"('for', 'you')",32.80284009060387
1107,"('life', 'I')",32.65881664358246
1108,"('be', 'more')",32.64562242162977
1109,"('i', 'I')",32.57527429096359
1110,"('where', 'it')",32.57119181996883
1111,"('be', 'wait')",32.327311859336625
1112,"('consider', 'the')",32.165998887191456
1113,"('the', 'object')",31.892761956408297
1114,"('be', 'call')",31.758670194099803
1115,"('can', 'go')",31.298429869753495
1116,"('a', 'more')",31.168959364541305
1117,"('a', 'general')",30.989298212168304
1118,"('in', 'other')",30.96546967600823
1119,"('say', 'I')",30.86671355807317
1120,"('representation', 'of')",30.859220092015903
1121,"('and', 'she')",30.771826760608494
1122,"('in', 'us')",30.59009547413376
1123,"(""'s"", 'just')",30.51106297758093
1124,"('thing', 'you')",30.371886954487405
1125,"('at', 'my')",30.173590013834055
1126,"('not', 'like')",30.15802005862952
1127,"('be', 'too')",30.152253830178495
1128,"('the', 'day')",30.115461347201798
1129,"('of', 'symbol')",30.00741931039041
1130,"('he', 'the')",29.613587838373675
1131,"('to', 'one')",29.606768309402664
1132,"('with', 'all')",29.458005234889917
1133,"('to', 'ask')",29.374297870413436
1134,"('she', 'be')",29.243575123610313
1135,"('on', 'his')",29.12385947675274
1136,"('out', 'and')",29.003208288523407
1137,"('i', 'out')",28.89940047827308
1138,"('and', 'you')",28.749902314734133
1139,"('but', 'that')",28.49214737560648
1140,"('this', 'two')",28.484184469962017
1141,"('to', 'that')",28.476052476183533
1142,"('take', 'my')",28.300655686566255
1143,"('change', 'the')",28.27200022199761
1144,"('that', 'there')",28.155179778758054
1145,"('it', 'over')",28.098789337263
1146,"('with', 'one')",27.922460437522645
1147,"('can', 'have')",27.619145542567033
1148,"('you', 'look')",27.575378801581692
1149,"('and', 'try')",27.530802789014835
1150,"('on', 'this')",27.246581381897336
1151,"('term', 'and')",27.176569789004176
1152,"('painter', 'that')",27.157435608818837
1153,"('a', 'real')",27.031863955976675
1154,"('he', 'have')",27.017049342399453
1155,"('than', 'a')",26.92661481796717
1156,"('be', 'to')",26.772102694815892
1157,"('around', 'the')",26.716653987571675
1158,"('remember', 'the')",26.618749887195317
1159,"('be', 'give')",26.568956568059654
1160,"('be', 'all')",26.344082523676867
1161,"('ask', 'you')",26.298712099943582
1162,"('and', 'they')",26.283146099634152
1163,"('think', 'that')",26.18424464392163
1164,"('the', 'record')",25.984842266211807
1165,"('and', 'if')",25.9741898866598
1166,"('the', 'great')",25.818603236005774
1167,"('or', 'a')",25.70383074092005
1168,"('then', 'I')",25.664048619308385
1169,"('since', 'the')",25.592473627302127
1170,"('need', 'you')",25.528246547040617
1171,"('the', 'new')",25.50304095972321
1172,"('voice', 'I')",25.48391159362148
1173,"('of', 'time')",25.34491961207656
1174,"('the', 'man')",25.21734381283691
1175,"('number', 'we')",25.1105261829461
1176,"('the', 'room')",25.10963727559767
1177,"('it', 'make')",25.07795930977886
1178,"('the', 'minus')",24.972093284340765
1179,"('find', 'the')",24.60840052989966
1180,"('the', 'expression')",24.565650252561458
1181,"('than', 'the')",24.5291423772415
1182,"('right', 'it')",24.510521043588888
1183,"('you', 'come')",24.46685730428975
1184,"('open', 'the')",24.36819099833025
1185,"('then', 'you')",24.2799140616518
1186,"('the', 'form')",23.832414582716556
1187,"('the', 'list')",23.80487974415025
1188,"('the', 'different')",23.77884072806694
1189,"('we', 'do')",23.752898069041287
1190,"('that', 'and')",23.670144526087515
1191,"('you', 'say')",23.561088747162902
1192,"('it', 'a')",23.554751166306094
1193,"('the', 'sign')",23.470594781723214
1194,"('up', 'my')",23.363382797236795
1195,"('i', 'up')",23.21005104651319
1196,"('the', 'term')",22.624062986226868
1197,"('but', 'not')",22.548916064402917
1198,"('part', 'and')",22.513529971045422
1199,"('number', 'and')",22.463886579640548
1200,"('i', 'with')",22.385014877564522
1201,"('which', 'we')",22.37320161102944
1202,"('that', 'will')",22.305278485959246
1203,"('the', 'case')",21.823084982998676
1204,"('we', 'get')",21.81817747249155
1205,"('be', 'only')",21.737355123844107
1206,"('can', 'get')",21.722119115311294
1207,"('than', 'that')",21.71278785068113
1208,"('way', 'I')",21.657788251825455
1209,"('of', 'people')",21.636146188158076
1210,"('do', 'this')",21.359379043268746
1211,"('number', 'in')",21.222568730315125
1212,"('do', 'be')",21.153266572094577
1213,"('i', 'just')",21.129336843290165
1214,"('in', 'its')",21.116702482920882
1215,"('be', 'this')",21.00375057766865
1216,"('get', 'to')",20.686635580419715
1217,"('that', 'it')",20.29099912229024
1218,"('right', 'that')",20.143025970580272
1219,"('a', 'type')",20.038997799027495
1220,"('because', 'of')",20.03020509315927
1221,"('not', 'get')",19.954820566819016
1222,"('I', 'take')",19.807694219677007
1223,"('be', 'kind')",19.792991501915846
1224,"('that', 'a')",19.51468929374273
1225,"('but', 'he')",19.468080246325734
1226,"('the', 'element')",19.374234863073067
1227,"('to', 'my')",19.350977612675862
1228,"('time', 'and')",19.34958552356256
1229,"('a', 'function')",19.160750613815487
1230,"('i', 'the')",19.07430924495377
1231,"('now', 'that')",18.77106636356761
1232,"('feel', 'a')",18.726096358615226
1233,"('be', 'some')",18.4882410082049
1234,"('have', 'just')",18.351291724289446
1235,"('way', 'it')",18.160830783650173
1236,"('be', 'real')",18.01127325936936
1237,"('hand', 'I')",17.979937753928322
1238,"('the', 'type')",17.952400124437805
1239,"('right', 'you')",17.8964650571235
1240,"('a', 'sum')",17.850898108992784
1241,"('to', 'her')",17.824778067651238
1242,"('back', 'and')",17.717031522678734
1243,"('than', 'I')",17.67653754470333
1244,"('of', 'thing')",17.63229910789437
1245,"('as', 'the')",17.615454830185897
1246,"('not', 'go')",17.43884733369414
1247,"('I', 'go')",17.407561856150263
1248,"('to', 'it')",17.379430268858084
1249,"('that', 'make')",17.3568240566991
1250,"('write', 'the')",17.340248245538223
1251,"('and', 'the')",17.30044755494753
1252,"('not', 'the')",17.25887599873836
1253,"('that', 'he')",17.24122712178869
1254,"('really', 'be')",17.217085467783566
1255,"('where', 'the')",17.12113973079885
1256,"('from', 'this')",17.117707464557935
1257,"('you', 'go')",17.026432745667417
1258,"('be', 'different')",16.882656012871326
1259,"('the', 'only')",16.862288440526235
1260,"('what', 'it')",16.734943664564906
1261,"('think', 'you')",16.670116706675035
1262,"('it', 'you')",16.378766692215468
1263,"('i', 'he')",16.37638243056308
1264,"('out', 'in')",16.37446669345738
1265,"('the', 'time')",16.19150506860622
1266,"('as', 'we')",16.16279600871797
1267,"('have', 'go')",16.086202534502956
1268,"('down', 'the')",15.81767141441043
1269,"('way', 'you')",15.559566276562327
1270,"('which', 'I')",15.55913511311549
1271,"('we', 'make')",15.558608691078282
1272,"('that', 'that')",15.462193501059183
1273,"('element', 'be')",15.45374749878051
1274,"('this', 'to')",15.3657224576149
1275,"('it', 'out')",15.248312919067265
1276,"('come', 'to')",15.14292085020492
1277,"('for', 'he')",15.138551308683516
1278,"('a', 'way')",15.028875189400173
1279,"('the', 'argument')",14.996104342872139
1280,"('come', 'in')",14.886409139445346
1281,"('the', 'datum')",14.847810091247297
1282,"('that', 'have')",14.715016544669878
1283,"('you', 'a')",14.703666890809279
1284,"('that', 'come')",14.448605635253596
1285,"('you', 'and')",14.446124199083535
1286,"('who', 'be')",14.382393537387719
1287,"('the', 'square')",14.243905317688943
1288,"('i', 'but')",14.022225244218777
1289,"('operation', 'to')",13.909603419880675
1290,"('know', 'you')",13.827931294448641
1291,"('be', 'he')",13.784352852390647
1292,"('the', 'generic')",13.657971385029951
1293,"('be', 'with')",13.450787336546098
1294,"('thing', 'and')",13.311092931183076
1295,"('you', 'I')",13.3052874831213
1296,"('with', 'my')",13.270928315265007
1297,"('I', 'may')",13.192244160631283
1298,"('how', 'you')",13.052149435199915
1299,"('hold', 'the')",12.944364901258309
1300,"('over', 'a')",12.848686768852092
1301,"('and', 'not')",12.77556099377924
1302,"('have', 'the')",12.707971300059576
1303,"('this', 'I')",12.687822945369428
1304,"('then', 'the')",12.682642502220626
1305,"('as', 'for')",12.633771410073102
1306,"('be', 'good')",12.133316461605048
1307,"('you', 'you')",11.912237507911575
1308,"('to', 'come')",11.888663232025477
1309,"('feel', 'the')",11.862074393611891
1310,"('so', 'this')",11.713757596331659
1311,"('and', 'there')",11.70347876600702
1312,"('way', 'that')",11.398862279118674
1313,"('be', 'never')",11.322155474601303
1314,"('now', 'you')",11.234519138552466
1315,"('or', 'the')",11.218590607172153
1316,"('it', 'up')",11.207658113394482
1317,"('with', 'that')",11.064442324108478
1318,"('use', 'in')",10.961665886816427
1319,"('it', 'can')",10.960312552063813
1320,"('be', 'for')",10.862209949756506
1321,"('apply', 'the')",10.834069401916228
1322,"('be', 'we')",10.821333596566213
1323,"('to', 'look')",10.682472262651853
1324,"('i', 'from')",10.672218464486868
1325,"('that', 'use')",10.571817101151218
1326,"('the', 'thing')",10.486893248643165
1327,"('representation', 'be')",10.480539421053644
1328,"('be', 'really')",10.450836600621892
1329,"('like', 'the')",10.416976613773652
1330,"('of', 'some')",10.288145023666422
1331,"('and', 'some')",10.258020244485046
1332,"('to', 'his')",10.153254580864045
1333,"('you', 'in')",9.893533493982554
1334,"('take', 'you')",9.861799387549427
1335,"('procedure', 'in')",9.781818972827855
1336,"('to', 'i')",9.615356521752904
1337,"('at', 'that')",9.524761176859226
1338,"('have', 'make')",9.44701966203962
1339,"('here', 'you')",9.410991209710177
1340,"('procedure', 'to')",9.321399869806202
1341,"('the', 'show')",9.006169318410361
1342,"('i', 'and')",8.92638320553891
1343,"('to', 'each')",8.921333555291126
1344,"('with', 'you')",8.823101579863184
1345,"('like', 'to')",8.801529538718084
1346,"('not', 'just')",8.559221813479516
1347,"('be', 'so')",8.557593016103615
1348,"('the', 'representation')",8.471090918065038
1349,"('a', 'number')",8.396637986477842
1350,"('call', 'the')",8.280255081859885
1351,"('to', 'let')",8.181757526301173
1352,"('do', 'the')",8.13006698324997
1353,"('but', 'you')",8.09364185489456
1354,"('it', 'to')",8.012758473072415
1355,"('out', 'the')",7.980560790853758
1356,"('tell', 'the')",7.968612481980342
1357,"('that', 'can')",7.95622668248394
1358,"('on', 'all')",7.918281939117479
1359,"('for', 'my')",7.906429322049897
1360,"('and', 'in')",7.705612200700976
1361,"('after', 'the')",7.672411956499805
1362,"('i', 'on')",7.6493500035783075
1363,"('tree', 'and')",7.612190676506822
1364,"('on', 'you')",7.592602978004858
1365,"('you', 'like')",7.588689995605734
1366,"('of', 'you')",7.571507041415006
1367,"('the', 'back')",7.407835861312676
1368,"('case', 'the')",7.397421162502129
1369,"('with', 'he')",7.359009705169615
1370,"('be', 'think')",7.346492091958145
1371,"('I', 'do')",7.252050978693443
1372,"('know', 'I')",7.231000540456014
1373,"('do', 'a')",7.179546338398678
1374,"('can', 'we')",7.0960913240376
1375,"('in', 'time')",7.006060663746721
1376,"('the', 'one')",6.930190196585073
1377,"('how', 'it')",6.850600677559173
1378,"('be', 'it')",6.77959287105135
1379,"('represent', 'the')",6.574485775393972
1380,"('thing', 'I')",6.475283278796689
1381,"('it', 'I')",6.443648796249784
1382,"('up', 'the')",6.396889985513667
1383,"('i', 'be')",6.37379039214571
1384,"('all', 'that')",6.187325251589859
1385,"('as', 'to')",6.158776164719666
1386,"('at', 'a')",6.131121209595549
1387,"('no', 'I')",6.097011518787878
1388,"('of', 'all')",6.09019747581199
1389,"('for', 'all')",6.060834483228477
1390,"('and', 'for')",6.057450482518339
1391,"('not', 'that')",6.050186540428756
1392,"('you', 'do')",5.92363941632836
1393,"('that', 'they')",5.89593486864437
1394,"('get', 'you')",5.826486645454369
1395,"('say', 'you')",5.7761035774924085
1396,"('one', 'be')",5.613077891417579
1397,"('it', 'like')",5.46464488903773
1398,"('be', 'come')",5.421233550412243
1399,"('here', 'I')",5.134023667385339
1400,"('set', 'and')",5.131610176635488
1401,"('then', 'a')",5.015714082017946
1402,"('be', 'as')",5.00794620221846
1403,"('sum', 'be')",4.995601840303267
1404,"('it', 'and')",4.901623056672438
1405,"('do', 'he')",4.855124582467696
1406,"('and', 'a')",4.617706633586663
1407,"('if', 'the')",4.573051401790556
1408,"('they', 'in')",4.557050959584514
1409,"('right', 'the')",4.395280056709572
1410,"('and', 'make')",4.357308222170623
1411,"('be', 'about')",4.35389348024792
1412,"('be', 'in')",4.301949312664627
1413,"('all', 'I')",4.252764843564273
1414,"('in', 'that')",4.24522914223423
1415,"('use', 'of')",4.219665147180217
1416,"('be', 'my')",4.123134940596358
1417,"('that', 'if')",4.031771047420583
1418,"('take', 'the')",3.910899663576253
1419,"('and', 'see')",3.8809147757533675
1420,"('can', 'I')",3.8249996219210387
1421,"('you', 'just')",3.685695486100873
1422,"('will', 'I')",3.648550354086305
1423,"('like', 'it')",3.6453805998264355
1424,"('to', 'define')",3.5601810897791504
1425,"('the', 'kind')",3.511146039787589
1426,"('be', 'if')",3.4738591714952447
1427,"('it', 'just')",3.4270179863650494
1428,"(""'s"", 'not')",3.4172113653554006
1429,"('do', 'that')",3.352608233658582
1430,"('he', 'do')",3.3369746646744516
1431,"('say', 'to')",3.2161598176485575
1432,"('only', 'the')",3.193949522102594
1433,"('that', 'go')",3.100348954889248
1434,"('it', 'so')",3.072596973886839
1435,"('not', 'in')",3.0308530249349803
1436,"('be', 'that')",3.0144506597049
1437,"('be', 'right')",3.0041151663962107
1438,"('this', 'and')",2.9513015690781046
1439,"('not', 'do')",2.925010895933607
1440,"('have', 'you')",2.8888593618221443
1441,"('can', 'you')",2.8506061074966285
1442,"('and', 'he')",2.7940861695798707
1443,"('and', 'how')",2.7745605253347025
1444,"('it', 'at')",2.7308206788127394
1445,"('for', 'that')",2.6065261377066586
1446,"('but', 'a')",2.4625197450777465
1447,"('in', 'one')",2.4340171556581516
1448,"('will', 'you')",2.3708724518458717
1449,"('all', 'of')",2.2635068472837307
1450,"('you', 'to')",2.2500394702069566
1451,"('that', 'the')",2.2094466757924547
1452,"('be', 'define')",2.1557879717729493
1453,"('to', 'us')",2.1543406979287743
1454,"('be', 'one')",2.1391506910496174
1455,"('as', 'it')",2.133118841285382
1456,"('do', 'we')",2.1324133956331046
1457,"('the', 'number')",2.064997605517807
1458,"('be', 'out')",2.0538261202431194
1459,"('be', 'now')",2.0384998205526097
1460,"('the', 'real')",1.9892645461861438
1461,"('get', 'the')",1.968274084986798
1462,"('it', 'in')",1.9582677883419843
1463,"('be', 'the')",1.9550120435818492
1464,"('to', 'this')",1.931030202217753
1465,"('see', 'the')",1.8965024895026943
1466,"('because', 'the')",1.8903344436847143
1467,"('as', 'you')",1.8371790058450723
1468,"('what', 'a')",1.7767917561723479
1469,"('he', 'to')",1.7689411407878313
1470,"('you', 'he')",1.7513876456511899
1471,"('and', 'that')",1.7176517999789986
1472,"('’s', 'the')",1.7099608489651443
1473,"('that', 'all')",1.6931604661409203
1474,"('tree', 'be')",1.6642685044080463
1475,"('to', 'a')",1.641801675211894
1476,"('of', 'that')",1.615451198934931
1477,"('not', 'to')",1.5950431527490925
1478,"('right', 'in')",1.5925661092343026
1479,"('not', 'a')",1.5756197840652015
1480,"('not', 'be')",1.5649218420213444
1481,"('when', 'the')",1.5591467878338228
1482,"('number', 'be')",1.5382250394573258
1483,"('it', 'but')",1.5288336868317274
1484,"('to', 'you')",1.5183889206132402
1485,"('and', 'this')",1.5053230615886826
1486,"('it', 'as')",1.3661059025221518
1487,"('one', 'that')",1.3430854736219444
1488,"('that', 'one')",1.3430854736219444
1489,"('of', 'it')",1.2937692591726606
1490,"('about', 'to')",1.2370204643711704
1491,"('in', 'you')",1.200850420382568
1492,"('be', 'on')",1.2006518874324075
1493,"('this', 'all')",1.1638256787935288
1494,"('be', 'up')",1.134867739423084
1495,"('i', 'in')",1.0902108898337992
1496,"('time', 'a')",1.0860279703767117
1497,"('right', 'I')",1.0492292100612723
1498,"('and', 'what')",1.0216376025304181
1499,"('the', 'right')",0.9457521934018597
1500,"('to', 'which')",0.936836944439081
1501,"('be', 'there')",0.9358554255044748
1502,"('and', 'as')",0.8942657401391947
1503,"('this', '')",0.8597536092342124
1504,"('do', 'in')",0.8338389873139509
1505,"('you', 'all')",0.7560393039535126
1506,"('be', 'you')",0.6946176212322461
1507,"('i', 'you')",0.6844701324804312
1508,"('from', 'a')",0.6129109823950664
1509,"('that', 'this')",0.6111613958425598
1510,"('on', 'it')",0.5485003098483495
1511,"('and', 'his')",0.4669432201403871
1512,"('how', 'be')",0.4657214231477527
1513,"('be', 'make')",0.4494734439562246
1514,"('now', 'the')",0.42579576638163774
1515,"('not', 'you')",0.4104980647721663
1516,"('be', 'get')",0.37895579636891735
1517,"('of', 'one')",0.37448225766390636
1518,"('they', 'to')",0.36824971245504057
1519,"('there', 'and')",0.3678929584926415
1520,"('all', 'you')",0.3482783012847889
1521,"('time', 'the')",0.3166189156070153
1522,"('procedure', 'be')",0.28982605330744954
1523,"('go', 'I')",0.28340571595931635
1524,"('us', 'a')",0.2762850896862937
1525,"('for', 'it')",0.2619507018008932
1526,"('know', 'the')",0.24576470214547327
1527,"('give', 'the')",0.2411495985142472
1528,"('on', 'that')",0.2326460438218951
1529,"('on', 'and')",0.22931350522202967
1530,"('what', 'the')",0.227741605051491
1531,"('say', 'a')",0.21583116371541777
1532,"('be', 'what')",0.2042004227599789
1533,"('in', 'all')",0.18355975649125067
1534,"('be', 'when')",0.157477005881836
1535,"('there', 'I')",0.14781547005349574
1536,"('one', 'and')",0.1280348588069791
1537,"('of', 'i')",0.1219553798450145
1538,"('they', 'I')",0.10916470331633302
1539,"('if', 'that')",0.10705636334686383
1540,"('but', 'in')",0.10146135054598275
1541,"('how', 'the')",0.09294274780068695
1542,"('just', 'the')",0.09031314277382971
1543,"('make', 'the')",0.08683130516996646
1544,"('and', 'my')",0.08371033532632237
1545,"('do', 'I')",0.07951362136368158
1546,"('which', 'the')",0.07553069592709964
1547,"('be', 'do')",0.06837952371038726
1548,"('one', 'to')",0.06836050376161665
1549,"('so', 'the')",0.060886434972428974
1550,"('up', 'a')",0.04848718347628889
1551,"('be', 'two')",0.04375639873936366
1552,"('that', '')",0.024519850283499057
1553,"('have', 'do')",0.017396104886719166
1554,"('be', 'at')",0.017033341087113345
1555,"('i', 'that')",0.015264891862079868
1556,"('i', 'a')",0.012813831441154666
1557,"('it', 'do')",0.01266055548086699
1558,"('but', 'the')",0.0116285400626672
1559,"('that', 'my')",0.010211476680542297
1560,"('with', 'it')",0.009409189243254625
1561,"('be', 'how')",0.007457451663297829
1562,"('a', 'right')",0.006080287515922256
1563,"('this', 'we')",0.0034928895831595284
1564,"('to', 'have')",0.0028308224942711355
1565,"('be', 'say')",0.0012829730080956446
