,word_id,word,wordform
0,3647166,pises,"['jam', 'pis', 'pare', 'pi', 'hop', 'wtf']"
1,3648008,intermediating,"['intermediates', 'intermediate', 'intermediators', 'intermediations', 'intermediator', 'intermediation']"
2,3648595,improveing,"['improvements', 'improved', 'improve', 'improving', 'improvers', 'improver', 'improves', 'improvement']"
3,3648881,reproofing,"['reproofs', 'reload', 'detroit', 'reproof', 'repeated', 'weirdos']"
4,3649055,commercialise,"['commercialisations', 'commercialisation']"
5,3649103,pauseing,"['puss', 'paused', 'push', 'pause', 'pausing', 'pauses']"
6,3649415,generationals,"['generations', 'generate', 'generating', 'generated', 'generative', 'generates', 'generator', 'generational', 'generation', 'generators']"
7,3650270,wastings,"['wastage', 'wastages', 'wasters', 'wasting', 'wasted', 'wastes', 'waste', 'waster']"
8,3650912,ringses,"['rung', 'ringings', 'ring', 'ringing', 'ringer', 'ringers', 'rings']"
9,3651279,bullys,"['bullied', 'bullies', 'bully', 'boldly', 'bullying', 'badly']"
10,3651581,methos,"['method', 'mezzo', 'fetuses', 'macho', 'metro', 'ether']"
11,3651799,joggles,"['doggie', 'joggling', 'joggle', 'joggled', 'juggler']"
12,3652095,stymieing,"['stymie', 'stymies', 'skyline', 'statue', 'staples', 'thyme']"
13,3654072,triangularity,"['triangularities', 'triangles', 'triangular', 'triangle', 'triangulated', 'triangulation', 'triangulating', 'triangulate', 'triangulates', 'triangulations']"
14,3654568,transferables,"['transferabilities', 'transferable', 'transferability']"
15,3657561,bonforte,"['concerts', 'pinafore', 'connote', 'converged', 'conserve', 'bonkers']"
16,3657708,caretaker,"['partaking', 'caretakers', 'carriers', 'partaken', 'crusader']"
17,3658991,tuvok,"['avow', 'sunk', 'tracks', 'kooks', 'throws', 'throes']"
18,1062574,nras,"['arya', 'arc', 'yea', 'orca', 'bray', 'via']"
19,1063016,sitars,"['sear', 'stay', 'stag', 'swear', 'sitar']"
20,1063044,abstinences,"['abstention', 'abstinence', 'abstainer', 'abstinent', 'abstains', 'abstain', 'abstinents', 'abstained', 'abstaining', 'abstentious', 'abstentions', 'abstainers']"
21,1063070,foliages,"['foiling', 'foliage', 'foliating', 'foliations', 'foliated', 'foliation', 'foilings', 'foliates', 'foil', 'foliate', 'foils', 'foiled']"
22,1063200,repentants,"['repent', 'repents', 'repentance', 'repented', 'repentances', 'repenting', 'repentant', 'repentantly']"
23,1063334,absolutists,"['absolutist', 'absolutistic', 'absolutism', 'absolutisms']"
24,1063522,misdirects,"['misdirections', 'misdirecting', 'misdirection', 'misdirected', 'misdirect']"
25,1063589,prestiges,"['prestigiousnesses', 'prestige', 'prestigiousness', 'prestigious']"
26,1063639,dinnertimes,"['mannerisms', 'diversions', 'dinnertime', 'incentive', 'vignettes']"
27,1063723,floaties,"['floatation', 'floaty', 'floatations', 'floater', 'flotations', 'flotation', 'floating', 'floats', 'float', 'floated', 'floatings', 'floaters']"
28,1064006,gestations,"['gestated', 'gestates', 'gestation', 'gestate', 'gestating', 'gestational']"
29,1064172,silicons,"['lexicon', 'silicone', 'salmon', 'silicon', 'billions']"
30,1064189,sledder,"['sleds', 'sledding', 'sleddings', 'sled', 'sledders']"
31,1064261,coning,"['cod', 'hon', 'sons', 'con', 'cons', 'ion']"
32,1064338,refloated,"['refloating', 'rollout', 'refloat', 'refloats', 'zealot']"
33,1065743,modernisms,"['modernist', 'journalism', 'modernists', 'modernism', 'modernistic']"
34,1065888,overgrowths,"['overworked', 'overlooking', 'overstate', 'overgrowth', 'overreacted']"
35,1066125,pley,"['peers', 'leg', 'len', 'plows', 'paler', 'pep']"
36,1066244,disbelieves,"['disbelief', 'disbelievers', 'disbelieving', 'disbeliefs', 'disbelieved', 'disbelieve', 'disbeliever']"
37,1066267,inducible,"['crucible', 'unusable', 'unbuckle', 'indelibly', 'knuckles', 'inquired']"
38,1066502,loyals,"['loyal', 'loyally']"
39,1067875,reallocations,"['reallocate', 'complications', 'exploration', 'recitations', 'reallocation']"
40,1544425,ethnographies,"['ethnographers', 'ethnography', 'photograph', 'ethnographical', 'ethnographer']"
41,1544502,violents,"['violently', 'violent', 'violence', 'violences']"
42,1546568,craming,"['crammer', 'crams', 'crammers', 'crammed', 'cram', 'cramming']"
43,1547763,flabbergasts,"['flabbergasting', 'flabbergast', 'flabbergasted']"
44,1547962,troted,"['trot', 'trotting', 'trotted', 'trotter', 'trotters', 'trots']"
45,1547996,skined,"['skin', 'skinniness', 'skinny', 'skinninesses', 'skinner', 'skinning', 'skinners', 'skinned', 'skins', 'skinnies']"
46,1548295,finalises,"['finalisation', 'finalisations', 'finalise']"
47,1548296,refocussed,"['refocusings', 'refocusing', 'becomes', 'recourse', 'refocus', 'rictus']"
48,1548298,refocussing,"['refocusings', 'refocusing', 'becomes', 'recourse', 'refocus', 'rictus']"
49,1548299,institutionalise,"['institutionally', 'institute', 'institutionalizing', 'institutionalizes', 'institutional', 'institution', 'institutionalize', 'instituted', 'institutionalized', 'institutes', 'institutions', 'instituting']"
50,1548300,institutionalises,"['institutionally', 'institute', 'institutionalizing', 'institutionalizes', 'institutional', 'institution', 'institutionalize', 'instituted', 'institutionalized', 'institutes', 'institutionalise', 'institutions', 'instituting']"
51,1548303,deregulates,"['deregulate', 'deregulatings', 'deregulating', 'deregulations', 'deregulation']"
52,1548313,immigrates,"['immigrant', 'immigrating', 'immigration', 'immigrants', 'immigrated', 'immigrate', 'immigrations']"
53,1548328,stylise,"['stylisation', 'stylisations']"
54,1548329,stylises,"['stylisation', 'stylisations', 'stylise']"
55,1548330,stylising,"['stylisation', 'stylisations', 'stylise']"
56,1548331,stylizes,"['stylizations', 'stylers', 'stylized', 'stylists', 'stylist', 'styled', 'styles', 'stylize', 'stylistic', 'styling', 'stylistically', 'stylizing', 'styler', 'style', 'stylization']"
57,1548332,stylizing,"['stylized', 'stylist', 'styles', 'styler', 'style', 'styled', 'stylization', 'stylizations', 'stylers', 'stylists', 'stylize', 'stylistic', 'stylizes', 'styling', 'stylistically']"
58,1548336,reassigns,"['reassign', 'reassigning', 'reassignments', 'reassigned', 'reassignment']"
59,1548344,rationalises,"['rationalisation', 'rationalisations', 'rationalise']"
60,1548350,paragraphing,"['paragraph', 'paragraphed', 'paragrapher', 'paragraphs', 'paragraphers']"
61,1548356,minimalists,"['minimalism', 'minimalisms', 'invalided', 'militants', 'minimalist']"
62,1548360,revolutionises,"['revolutionism', 'revolutionary', 'revolutionized', 'revolutionisms', 'revolutionise', 'revolved', 'revolt', 'revolutionizing', 'revolves', 'revolts', 'revolution', 'revolve', 'revolted', 'revolutionist', 'revolving', 'revolutionists', 'revolutionize', 'revolutionaries', 'revolutionizes', 'revolting', 'revolutions']"
63,1549081,candidacies,"['cardigan', 'handyman', 'cannibals', 'sanitary', 'candidacy']"
64,1549840,doomsdays,"['nowaday', 'doormat', 'holiday', 'mondays', 'doomsday']"
65,273086,mushes,"['mushy', 'mushiness', 'mushinesses', 'mushers', 'mush', 'musher']"
66,273110,wheaties,"['hotties', 'weathered', 'shatter', 'heaters', 'chested', 'shelters']"
67,273113,braised,"['braise', 'rises', 'brave', 'braises', 'braising']"
68,273115,sauvignon,"['souvenirs', 'washington', 'cautioning', 'audiences', 'assigned', 'cardigan']"
69,273117,four’s,"['mob', 'its', 'clare', 'coal', 'four', 'fours']"
70,273120,schoolchild,"['schoolchilds', 'schoolgirl', 'stronghold', 'schoolmate', 'shoplifting']"
71,273133,residencies,"['reside', 'residing', 'residency', 'resident', 'resided', 'resides', 'residents', 'residence', 'residentially', 'residential', 'residences']"
72,273154,hoochie,"['hoopla', 'cocaine', 'woozle', 'hunching', 'psyche', 'hoodlum']"
73,273160,atv,"['hats', 'oats', 'path', 'div', 'ail', 'cctv']"
74,273239,continuities,"['continuousness', 'continuity', 'continuously', 'continuum', 'continuous', 'continuums', 'continuousnesses']"
75,273243,millionths,"['millionth', 'silicate', 'militants', 'trillion', 'glinting']"
76,273256,shoehorned,"['shocker', 'shorter', 'shoehorn', 'swooning', 'showdown', 'shoehorns']"
77,273362,cloakrooms,"['confront', 'cloakroom', 'playroom', 'cookbook', 'homeroom']"
78,273484,everythin,"['retained', 'iterations', 'venetian', 'aversions', 'everybody', 'overturn']"
79,273487,outstandingly,"['frustratingly', 'outstanding', 'painstakingly', 'longstanding', 'increasingly']"
80,273492,erent,"['pent', 'event', 'gent', 'crests', 'exert', 'scents']"
81,273558,jrs,"['jam', 'wet', 'dew', 'div', 'rms', 'hop']"
82,273563,uncooperative,"['introspective', 'incorporated', 'incorporating', 'recuperating', 'comparatives']"
83,273626,inhibiting,"['inhibitory', 'inhibits', 'inhibitors', 'inhibitor', 'inhibitions', 'inhibition', 'inhibited', 'inhibit']"
84,273685,thievings,"['thieved', 'thieves', 'thieveries', 'thievery', 'thieving', 'thieve']"
85,273745,daming,"['dame', 'dams', 'dammed', 'bam', 'damming', 'dam']"
86,273779,mbss,"['jam', 'lamb', 'hop', 'poc', 'pare', 'wtf']"
87,273814,weii,"['wet', 'wil', 'veils', 'welts', 'wells', 'whip']"
88,273819,warmhearted,"['carpenters', 'hammerhead', 'warmheartednesses', 'warmheartedness', 'threatened']"
89,273929,hairdressers,"['hairdresser', 'overdressed', 'overpressure', 'sacredness', 'winchester']"
90,274087,going,"['goings', 'goers', 'goer', 'gone', 'goes', 'went', 'go']"
91,274098,eps,"['ness', 'elk', 'rms', 'gps', 'apse', 'cept']"
92,274137,tycoons,"['tycoon', 'spoons', 'racoon', 'maroon', 'acorn']"
93,274138,hill’s,"['hilled', 'hilling', 'hilliness', 'hill', 'hills', 'hillinesses', 'hilly']"
94,274146,dollars’,"['hollers', 'dollar', 'molars', 'pillar', 'dollars', 'collars']"
95,274151,elbert,"['elbow', 'albert', 'slept', 'members', 'exert', 'ether']"
96,274184,mastoid,"['nipple', 'mastoids', 'nipples']"
97,274186,reinvested,"['reinforce', 'delineated', 'reiterates', 'tennessee', 'renovating', 'reignited']"
98,274190,religionists,"['religiousnesses', 'religiousness', 'religiosities', 'religionisms', 'religion', 'religionist', 'religionism', 'religions', 'religious', 'religiouses', 'religiosity', 'religiously']"
99,274191,orchestrations,"['orchestration', 'orchestrated', 'orchestral', 'orchestrate', 'orchestrators', 'orchestras', 'orchestrator', 'orchestrates', 'orchestrating', 'orchestra']"
100,274208,cheapening,"['cheapen', 'cheapened', 'cheapens', 'chicken', 'cheater']"
101,6515851,puces,"['puce', 'sues', 'sauce', 'ace', 'paces']"
102,6521644,disembodies,"['disembody', 'disembodying', 'disembodied']"
103,6524577,mistletoes,"['obsolete', 'waistline', 'pestilence', 'distressed', 'mistletoe']"
104,6533678,yarrows,"['furrow', 'yarrow', 'sorrow', 'arrow', 'eyebrow']"
105,6549857,larynges,"['arenas', 'latent', 'larynx', 'laryngeal', 'larynxes', 'arent']"
106,6551376,godsends,"['godsend', 'oddment', 'sobbed', 'sanding', 'dreading']"
107,6560393,interregnums,"['intriguing', 'interweaving', 'interfered', 'interceptor', 'interregnum']"
108,6570334,watchmans,"['anchorman', 'matches', 'batches', 'watchword', 'watchmen', 'watchman']"
109,6573260,impoundments,"['impoundment', 'impound', 'impounded', 'impounds', 'impoundings', 'impounding']"
110,6575299,eavesdroping,"['eavesdropper', 'eavesdropping', 'eavesdroppers', 'eavesdropped', 'eavesdrop', 'eavesdrops']"
111,6584544,discretes,"['discrete', 'discreteness', 'discretenesses']"
112,6589676,resellers,"['receives', 'jeweller', 'preserver', 'reckless', 'revellers', 'resolved']"
113,6591714,wherefores,"['wherefore', 'whenever', 'wherewith', 'hartford', 'wheezing']"
114,6600981,philologies,"['phishing', 'philological', 'philologist', 'philologists', 'philology']"
115,6602664,predestines,"['predestine', 'predestinationists', 'predestinationist', 'predestination', 'predestinations', 'predestined', 'predestinarians', 'predestinarian', 'predestining']"
116,6610233,otolaryngologists,"['anthropologists', 'otolaryngologies', 'otolaryngology', 'otolaryngologist', 'counterclockwise']"
117,6610490,lotting,"['mot', 'lotted', 'lots', 'lot', 'rot']"
118,6611044,intenses,"['intensifies', 'intensifying', 'intensified', 'intensely', 'intensifications', 'intensifier', 'intense', 'intensifiers', 'intensify', 'intensities', 'intensity', 'intensification']"
119,125257,retargeting,"['restrained', 'restraints', 'retribution', 'resurgence', 'rearranging', 'jettisoning']"
120,125258,transposing,"['transposes', 'transpositions', 'transposition', 'transposed', 'transpose']"
121,125259,hoods,"['hooding', 'hooded', 'foo', 'hood', 'stood']"
122,125260,transposed,"['transposes', 'transpositions', 'transposing', 'transposition', 'transpose']"
123,125261,timings,"['time', 'timed', 'timer', 'timely', 'timing', 'timeliness', 'timelinesses', 'times', 'timers']"
124,125264,sandblasts,"['sandblaster', 'sandblasting', 'sandblasted', 'sandblast', 'sandblasters']"
125,125265,hairstyles,"['hailstorm', 'hairstyle', 'hailstone', 'fairytales', 'lifestyle']"
126,125267,haircut,"['haircuts', 'halibut', 'arches', 'handouts', 'routing']"
127,125268,foreplay,"['complying', 'wordplay', 'foregoing', 'foreplays', 'repeating']"
128,125269,grebes,"['greet', 'rebels', 'creme', 'grubs', 'grebe']"
129,125271,adapters,"['adapted', 'adaptabilities', 'adaption', 'adaptability', 'adaptor', 'adaptors', 'adapter', 'adaptation', 'adapt', 'adapts', 'adaptable', 'adaptations', 'adaptions', 'adaptative', 'adapting', 'adaptive']"
130,125272,wastewater,"['carpenters', 'westerner', 'fascinates', 'notepaper', 'wastewaters']"
131,125275,seashell,"['stately', 'eggshells', 'feathery', 'seashells', 'seaweed']"
132,125277,ions,"['ionize', 'ionizations', 'ionization', 'ionized', 'ionic', 'ionisation', 'ionisations', 'ionise', 'ion', 'ionate', 'ionizes', 'ionizing']"
133,125278,silos,"['rio', 'silk', 'silo', 'sin', 'ail']"
134,125281,hairdo,"['hazards', 'shards', 'halos', 'hairdos', 'harden']"
135,125282,carcinogens,"['carcinogenic', 'carcinomatous', 'carcinogen', 'carcinoma', 'carcinomas']"
136,125284,knothole,"['inhaling', 'loopholes', 'knuckles', 'knotholes', 'entitled']"
137,125291,silicates,"['silicate', 'relocate', 'sufficate', 'satiate', 'syndicate']"
138,125295,solidifies,"['solidness', 'solidifications', 'solidity', 'solidified', 'solidly', 'solid', 'solidifyings', 'solids', 'solidnesses', 'solidities', 'solidifying', 'solidify', 'solidification']"
139,125300,feedstock,"['headlock', 'festoons', 'rednecks', 'predator', 'feedstocks']"
140,125303,starches,"['starch', 'starching', 'stench', 'starchy', 'starched']"
141,125313,activations,"['activation', 'activated', 'activator', 'activating', 'activates', 'activators', 'activate']"
142,125315,tubercles,"['tuberous', 'tubercle', 'tuberculars', 'tuberculosis', 'tubercular', 'tubers', 'tuber', 'tuberosities', 'tuberosity', 'tuberculous', 'tuberculoses']"
143,125319,autonomously,"['ludicrously', 'anonymously', 'incongruously', 'luxuriously', 'obnoxiously', 'consciously']"
144,125322,stuntmen,"['sustained', 'Turkmen', 'station', 'stinkers', 'squatters', 'specimens']"
145,125324,stunts,"['stunted', 'stunting', 'stunt', 'stuntings', 'tuft']"
146,125326,bungee,"['buggers', 'burger', 'bungees', 'burgle', 'burgers']"
147,125327,chelate,"['chelating', 'chelates', 'chela', 'chelated', 'chelation', 'chelations', 'chelas']"
148,125328,skydive,"['skydivers', 'skydivings', 'sky_dive', 'skydived', 'skydiving', 'skydiver', 'skydives']"
149,125330,solvents,"['solvency', 'solving', 'solutions', 'solvate', 'solution', 'solve', 'solvent', 'solver', 'solvation', 'solvating', 'solvers', 'solvings', 'solved', 'solvencies', 'solvations', 'solvated', 'solvates', 'solves']"
150,125335,bizarrely,"['marrying', 'brackety', 'scarcely', 'squarely', 'hoarsely', 'ornately']"
151,125336,refrigerated,"['refrigerations', 'refrigerator', 'refrigerating', 'refrigeration', 'refrigerate', 'refrigerant', 'refrigerates', 'refrigerators', 'refrigerants']"
152,125339,ranching,"['ranches', 'ranchings', 'ranched', 'rancher', 'ranchers', 'ranch']"
153,125340,punctuated,"['punctuation', 'punctuations', 'punctuates', 'punctuating', 'punctuate']"
154,125341,distinctively,"['distinctive', 'distinguishes', 'dismissively', 'distinctivenesses', 'distinctiveness']"
155,125342,ferrari,"['degraded', 'hectares', 'earning', 'ferrets', 'terrors', 'furnace']"
156,125343,bookshops,"['bookstore', 'bookshop', 'cookbook', 'doorstep', 'bookcase']"
157,125348,outlining,"['outfit', 'outlets', 'outlines', 'outline', 'outlined']"
158,125353,heros,"['held', 'lego', 'hero', 'mer', 'heroes', 'heroical']"
159,125354,anthill,"['intire', 'mothball', 'stills', 'artfully', 'anthills']"
160,125355,perimeters,"['perimeter', 'prisoner', 'retriever', 'parameter', 'trumpeter']"
161,125357,psychoanalysis,"['psychoanalytical', 'psychoanalytic', 'decompressing', 'psychoanalyses', 'proselytizing']"
162,125359,crueler,"['clusters', 'scruples', 'rulers', 'greener', 'critter', 'cradle']"
163,125364,smelting,"['smelted', 'smelter', 'smelled', 'smelters', 'smelling', 'smelts', 'smells', 'smelt', 'smell']"
164,125365,archaeologists,"['archaeological', 'archaeology', 'archeologists', 'archeological', 'archeologic', 'archaeologies', 'archaeologic', 'archeologies', 'archaeologist', 'archeology', 'archeologist']"
165,125366,battleships,"['bottlenecks', 'dealership', 'battlements', 'artlessly', 'battleship']"
166,125368,communists,"['communization', 'communizes', 'communistic', 'communism', 'communized', 'communisms', 'communize', 'Communists', 'communist', 'Communist', 'communizing', 'communizations']"
167,125370,marilyn,"['maidens', 'darlin', 'marten', 'familys', 'mailman', 'marzipan']"
168,125372,depicts,"['depicted', 'depictings', 'pictured', 'picturing', 'depicting', 'depict', 'picturings', 'pictural', 'pictures', 'depictions', 'picture', 'depiction', 'depictive']"
169,125373,blaise,"['lapse', 'malaise', 'lapses', 'praise', 'elapse', 'chaise']"
170,125376,genomes,"['grenade', 'becomes', 'sence', 'incomes', 'genome']"
171,125377,decoded,"['becomes', 'decoding', 'decode', 'decodings', 'decodes']"
172,125378,magically,"['magic', 'magicians', 'magician', 'magical', 'magics']"
173,125379,sizing,"['size', 'sizings', 'vie', 'sizes', 'sized']"
174,125388,cranking,"['cranked', 'crankinesses', 'cranks', 'cranky', 'crankiness', 'crank']"
175,125390,aromas,"['aromatic_compounds', 'aroma', 'aromatized', 'aromatizing', 'aromatize', 'aromatizes', 'aromatic_compound', 'aromatise', 'aromatic']"
176,125394,fertilizers,"['fertilize', 'fertilizes', 'fertilizer', 'fertilized', 'fertilizing', 'fertilizations', 'fertilization']"
177,125397,lipid,"['lipids', 'limits', 'libido', 'limit', 'rapids']"
178,125399,daydreamed,"['day-dream', 'daydreamers', 'daydreaming', 'daydream', 'daydreamings', 'daydreamer', 'daydreams', ""daydreams'"", 'day-dreamed']"
179,125400,feminists,"['feminist', 'feminism', 'feminisms', 'emitting', 'reminder']"
180,125404,doodles,"['domes', 'doodling', 'doodled', 'doodle', 'cobbles']"
181,125424,nico,"['rio', 'limo', 'ciao', 'silos', 'kicks', 'mica']"
182,125426,heisenberg,"['hindering', 'persevered', 'hemisphere', 'messengers', 'tenseness', 'engendered']"
183,403882,downest,"['docket', 'bonnets', 'honesty', 'bonnet', 'downbeat', 'earnest']"
184,403894,legses,"['leggy', 'leg', 'legs', 'seas', 'leeks', 'egos']"
185,403919,dreamies,"['dreamer', 'dreamy', 'dream', 'dreamings', 'dreaminesses', 'dreamers', 'dreamt', 'dreamily', 'dreams', 'dreaminess', 'dreaming']"
186,403921,locus,"['locum', 'onus', 'loci', 'hocus', 'locals']"
187,403957,misplacing,"['misplace', 'misplacements', 'misplaces', 'misplacement', 'misplaced']"
188,403960,levelest,"['levels', 'level', 'leveler', 'levelled', 'levelling', 'leveller', 'levellers', 'levelers']"
189,404020,botching,"['batching', 'bracings', 'bitchin', 'brushing', 'bombing', 'tithing']"
190,404085,superfluously,"['superfluities', 'superfluous', 'superfluity']"
191,404089,acing,"['ache', 'aye', 'aces', 'ave', 'ace', 'ages']"
192,404103,doned,"['donned', 'don', 'dons', 'donning']"
193,404145,shouid,"['slough', 'thuds', 'squad', 'sound', 'hoards', 'phobia']"
194,404176,shrinkings,"['shrunken', 'shrunk', 'shrinkages', 'shrinking', 'shrink', 'shrinks', 'shrinkage']"
195,404187,pretermitted,"['pretermitting', 'pretermit', 'pretermission', 'pretermissions', 'pretermits']"
196,404254,yins,"['mix', 'yin', 'kin', 'lin', 'digs']"
197,404328,gulling,"['url', 'gull', 'gulled', 'gui', 'gulls']"
198,404379,adducing,"['adduced', 'adduces', 'sauce', 'adduce', 'adducings']"
199,404496,immobilised,"['immobilize', 'immortality', 'immobilisation', 'immobilisations', 'immobilise', 'symbolism']"
200,404497,faubourgs,"['factories', 'laboring', 'factory', 'faubourg', 'parlour']"
201,404499,squiring,"['squire', 'squired', 'shires', 'squires', 'require']"
202,404536,hass,"['hob', 'noun', 'hums', 'ada', 'pax', 'jee']"
203,404575,stuccoing,"['stucco', 'stuccoed', 'stuccos', 'sauce', 'turbo']"
204,404639,unsling,"['darling', 'singed', 'singing', 'clinging', 'uncaring', 'inkling']"
205,404652,rended,"['rending', 'rent', 'mead', 'creed', 'rends', 'rend']"
206,651677,hag’s,"['hag', 'hags', 'rags', 'jag', 'han', 'haw']"
207,651731,cog’s,"['cog', 'cod', 'cogged', 'cop', 'cogs', 'cogging']"
208,651738,bracken’s,"['bracings', 'cracker', 'wracked', 'bracken', 'brackens', 'batten']"
209,651800,grumkins,"['ramekin', 'remains', 'brimming', 'remained', 'jumping', 'grueling']"
210,651847,ratters,"['rats', 'rattings', 'ratting', 'ratted', 'ratty', 'rat', 'ratter']"
211,9519369,overlayers,"['overlay', 'overlays', 'overlie', 'overlies', 'overlain', 'overlaid', 'overlaying', 'overlying', 'overlayer']"
212,9531835,hepatitises,"['hypnotic', 'hepatitis', 'nuptials', 'inhabits', 'gelatinous']"
213,9533965,cakewalks,"['sleepwalk', 'firewall', 'caraway', 'cakewalk', 'cereals']"
214,9534518,hulas,"['gulf', 'hula', 'hunt', 'gulps', 'helps']"
215,9539727,overpopulates,"['overpopulation', 'overpopulate', 'overpopulations']"
216,9545108,reprieving,"['reprisal', 'reprieved', 'reprieves', 'reprint', 'reprieve']"
217,9547986,chinamens,"['churchman', 'clinical', 'chipmunks', 'chinatown', 'charlatan', 'chicken']"
218,9548032,fandangos,"['gandalf', 'tapdance', 'fanatic', 'fandango', 'fandangoes', 'fainting']"
219,9551158,malnutritions,"['malnutrition', 'palpitations', 'palpitation', 'malfunction', 'calculations']"
220,9555095,divagated,"['divagates', 'divagations', 'divagate', 'divagation', 'divagating']"
221,9565199,rackets,"['racketeered', 'racket', 'racketinesses', 'racketeerings', 'rackety', 'racketeers', 'racketeering', 'racketiness', 'racketeer']"
222,9571899,terns,"['horn', 'tri', 'tyres', 'tern', 'beans']"
223,9582198,matos,"['mayo', 'math', 'mater', 'eats', 'match', 'majors']"
224,9582581,bestialities,"['bestial', 'bestializes', 'bestially', 'beast', 'beasts', 'beastliness', 'bestialized', 'beastly', 'bestializing', 'beastlinesses', 'bestiality', 'bestialize']"
225,9586734,faints,"['fainted', 'faintnesses', 'faintly', 'faint', 'faintness', 'fainting']"
226,9586735,breakages,"['breakableness', 'broke', 'breakables', 'breakability', 'breaker', 'breakable', 'breaks', 'breaking', 'broken', 'break', 'breakers', 'breakablenesses', 'breakage', 'breakabilities']"
227,9586740,sixes,"['irs', 'nine', 'mit', 'two', 'six']"
228,9586742,curiosities,"['curiosity', 'curiously', 'curious', 'curiousnesses', 'curiousness']"
229,9606674,soups,"['sobs', 'seep', 'soles', 'soup', 'south']"
230,9606693,leavings,"['weaving', 'delving', 'loving', 'leaving', 'ceased']"
231,9606803,racetracks,"['paperback', 'accuracy', 'abstract', 'barracks', 'racetrack']"
232,9606819,discos,"['disco', 'inches', 'dotcom', 'risin', 'discoes', 'fiasco']"
233,9606996,heifers,"['heifer', 'snipers', 'heirs', 'healer', 'setter']"
234,9607061,fasteners,"['fastening', 'fastened', 'fasten', 'fastener', 'fastens', 'fastenings']"
235,9607106,anticlimax,"['anticlimactic', 'anticlimaxes', 'intimidated', 'antipathies', 'musicians']"
236,9609565,trends,"['arenas', 'trending', 'trendy', 'trended', 'trend']"
237,9611154,magnetizations,"['magnetisms', 'magnetization', 'magnet', 'magnetizing', 'magnetic', 'magnetise', 'magnetized', 'magnetism', 'magnets', 'magnetically', 'magnetize', 'magnetisations', 'magnetisation', 'magnetizes']"
238,9611158,apogees,"['apogean', 'apace', 'awoken', 'brogue', 'apogee']"
239,9619982,spurns,"['spurning', 'spurner', 'spurners', 'spurn', 'spurned']"
240,9644203,ensconces,"['ensconcing', 'ensconced', 'ensconce']"
241,9649056,avocados,"['averaged', 'gonads', 'cicada', 'goading', 'avocado']"
242,9661678,howlers,"['howler', 'howl', 'howls', 'howlings', 'howling', 'howled']"
243,9671573,heresies,"['heretical', 'herself', 'hereby', 'heresy', 'dresses']"
244,9678179,stiffnesses,"['stiffly', 'stiff', 'stiffs', 'stiffness', 'fairness']"
245,9679590,albums,"['album', 'allude', 'alibis', 'allay', 'annum']"
246,9679706,acmes,"['paces', 'acme', 'ace', 'ame', 'races']"
247,9682011,barrows,"['furrow', 'barrow', 'sorrow', 'arrow', 'parrots']"
248,9691104,legalises,"['legalisation', 'legalisations', 'legalise']"
249,9701298,housebreakings,"['housebreaking', 'spearheading', 'cheeseburger', 'soundproofing', 'gooseberries']"
250,9703376,stammers,"['stammered', 'stammer', 'stammering', 'stammerers', 'stammerer']"
251,9703400,girdles,"['girdling', 'girdled', 'sidle', 'girdle', 'circle']"
252,9726195,unconsciousnesses,"['unconsciousness', 'unconscious', 'unconsciously', 'unconditionally', 'unconsciouses']"
253,9732154,viziers,"['vizier', 'timber', 'viziership', 'bitter', 'vizierships']"
254,9732437,scarves,"['scales', 'scarf', 'scarfed', 'scarfing', 'scarfs']"
255,9735521,columbuses,"['calculus', 'crumbling', 'alumnus', 'humbugs', 'clambered', 'cucumber']"
256,9735628,middays,"['midday', 'paddies', 'milder', 'mighty', 'median']"
257,9736188,monads,"['molars', 'monad', 'mounds', 'loads', 'mend']"
258,301199,camisoles,"['variables', 'capsule', 'garishly', 'carnivore', 'camisole']"
259,301238,cognisance,"['cognisant', 'coexistence', 'vigilance', 'cognisances', 'cognise']"
260,301251,effluviums,"['emporium', 'afflicting', 'effluvium', 'effluent', 'effusion']"
261,301252,celeries,"['relent', 'silvery', 'culvert', 'lechery', 'celery']"
262,301255,gumbos,"['symbol', 'gums', 'gumbo', 'guilt', 'turbo']"
263,301257,chowders,"['chopper', 'shower', 'powder', 'chowder', 'orders']"
264,301264,swashed,"['swashes', 'swashing', 'swash', 'awash', 'wasn']"
265,301269,aliens,"['alien', 'allie', 'aliening', 'agin', 'aliened']"
266,301290,gabbing,"['earring', 'machine', 'tainting', 'clinging', 'saints', 'gained']"
267,301302,earflaps,"['leaflets', 'earflap', 'waffles', 'warmup', 'relaxing']"
268,301305,primuses,"['primus', 'prompt', 'prick', 'priest', 'rictus']"
269,301310,porticos,"['portray', 'notice', 'porter', 'portico', 'porticoes', 'portents']"
270,301328,filets,"['tile', 'filet', 'filter', 'fire', 'flit']"
271,301350,dachas,"['aura', 'dacha', 'danes', 'ucla', 'gashes']"
272,301385,sidecars,"['several', 'sneaking', 'pillars', 'shiner', 'sidecar']"
273,301421,frankfurters,"['blockbuster', 'manchester', 'headhunter', 'frankfurter', 'hindquarters']"
274,301434,pouffe,"['pouches', 'chuffed', 'ruffles', 'pouffes', 'mouse']"
275,301498,exit,"['gaits', 'expo', 'exited', 'exits', 'exiting']"
276,301507,muscovites,"['muscovite', 'musicians', 'discounts', 'missiles', 'subdivided']"
277,301534,temperamentally,"['comprehensively', 'comprehensible', 'temperaments', 'temperamental', 'temperament']"
278,301567,redbeard,"['renders', 'repeated', 'seaboard', 'bugbear', 'dreading', 'misheard']"
279,301572,manifestos,"['minimise', 'canisters', 'manifesto', 'marinating', 'malignity']"
280,301633,enquirers,"['enquiries', 'enquirer', 'enquired', 'enquire', 'enquires', 'enquiry', 'enquiring']"
281,301673,neuropathologist,"['anthropomorphic', 'philanthropists', 'conservationists', 'surreptitiously', 'meteorologically', 'environmentalist']"
282,301678,alexandrovna,"['cleanliness', 'disapproving', 'disapproved', 'advancements', 'lengthening', 'undemanding']"
283,301705,woodwind,"['woodwinds', 'footing', 'womankind', 'woodwork', 'hoodwink']"
284,301730,syllogisms,"['syllogizer', 'syllogist', 'syllogiser', 'syllogizing', 'syllogise', 'syllogism', 'syllogists', 'syllogized', 'syllogizes', 'syllogisers', 'syllogize', 'syllogizers', 'syllogistic']"
285,301757,seducers,"['seductions', 'seduce', 'seducing', 'seduced', 'seduction', 'seducer', 'seduces']"
286,301791,nattered,"['tatters', 'natter', 'natters', 'hatter', 'nattering']"
287,301827,papyruses,"['papyrus', 'amorous', 'humerus', 'painful', 'perusing']"
288,301830,asphalted,"['asphalting', 'asphaltic', 'asphalts', 'asphalt', 'starting']"
289,301851,detectives,"['detective', 'objective', 'receptive', 'digestive', 'detector']"
290,301917,ventriloquists,"['ventriloquisms', 'ventriloquism', 'ventriloquies', 'ventriloquy', 'ventriloquist']"
291,301934,blackcurrants,"['unaccountable', 'egalitarianism', 'plainclothes', 'incorporating', 'blackcurrant', 'recuperating']"
292,301938,chanterelles,"['interweaving', 'gratefully', 'unalterable', 'chanterelle', 'chandeliers']"
293,754110,trued,"['trueness', 'truenesses', 'truly', 'trues', 'true', 'truing']"
294,754219,minervas,"['Nigeria', 'minutiae', 'inertia', 'minivan', 'miseries', 'interval']"
295,754239,resuscitations,"['resuscitating', 'resuscitated', 'resuscitator', 'resuscitates', 'resuscitate', 'resuscitation', 'resuscitators']"
296,754289,douching,"['bough', 'douches', 'douched', 'douche', 'dodges']"
297,754315,valetudinarians,"['valetudinarian', 'deterioration', 'amplification', 'predestination', 'specification']"
298,754337,ablatives,"['ablative', 'ablations', 'ablation', 'ablated', 'ablate', 'ablates', 'ablating']"
299,754346,maestros,"['desert', 'maestro', 'nastiest', 'bestir', 'sentries', 'maestroes']"
300,754350,enervates,"['enervate', 'enervated', 'enervating', 'enervations', 'enervation']"
301,754413,individuated,"['individuates', 'individuate', 'individuation', 'individuating', 'individuations']"
302,754890,expediencies,"['expedience', 'expediently', 'expedient', 'expediences', 'expediency', 'expedients']"
303,754949,hostessing,"['hosting', 'mot', 'hosts', 'bolts', 'host', 'hosted']"
304,755001,reorientated,"['reorientating', 'reorientate', 'reorientates']"
305,755031,foragings,"['foregoing', 'forages', 'foraging', 'foraged', 'forage']"
306,755106,brents,"['gent', 'brent', 'greet', 'brit', 'scents']"
307,755216,overest,"['over', 'overs', 'veg', 'mer', 'lover', 'leer']"
308,755381,interfer,"['intervene', 'intervals', 'interest', 'anteater', 'intense', 'interior']"
309,755453,gnus,"['gigs', 'nun', 'gnu', 'nuns', 'gnaw']"
310,755488,batmen,"['hazmat', 'oarsmen', 'barmy', 'batman', 'batten']"
311,755491,gargantuans,"['Gargantua', 'gargantuan', 'Gargantuas']"
312,755526,nucleation,"['citations', 'procreation', 'vacations', 'questioned', 'sublimation', 'recitations']"
313,755688,limiters,"['limits', 'limitations', 'limiter', 'limited', 'limiting', 'limit', 'limitation']"
314,755912,hyperboles,"['hyperbolizing', 'hyperbolize', 'hyperbolized', 'hyperbolas', 'hyperbola', 'hyperbolically', 'hyperbolic', 'hyperbolizes', 'hyperbole']"
315,757194,enemys,"['enemy', 'eyed', 'ninety', 'knew', 'entity', 'enemies']"
316,757420,nineteens,"['eighteen', 'sintering', 'minutely', 'vignettes', 'nineteen']"
317,757535,bimetals,"['bimetallist', 'bimetallistic', 'bimetallic', 'bimetallism', 'bimetallisms', 'bimetal', 'bimetallists']"
318,757536,bimetal,"['bimetals', 'bimetallist', 'bimetallistic', 'bimetallic', 'bimetallism', 'bimetallisms', 'bimetallists']"
319,757586,idea—,"['idealize', 'idealism', 'ideations', 'ideates', 'idealizations', 'idealists', 'ideally', 'idealization', 'ideals', 'idealisms', 'ideation', 'idealisations', 'ideality', 'idealizing', 'idea', 'idealist', 'ideated', 'ideal', 'idealisation', 'ideas', 'idealizes', 'idealized', 'idealise', 'ideate', 'idealistic', 'ideational', 'idealities', 'ideating']"
320,757609,accretes,"['accrete', 'accretions', 'accretion', 'accretionary', 'accretive', 'accreted', 'accreting']"
321,678345,striked,"['struck', 'strikingness', 'strike', 'strikings', 'strikes', 'striker', 'strikers', 'strikingnesses', 'strikingly', 'striking']"
322,678422,chairpersons,"['chairperson', 'chairpeople', 'hairdresser', 'chickenpox', 'cornerstone', 'compression']"
323,678718,fezzes,"['bel', 'dew', 'yea', 'dea', 'fez']"
324,678809,mattings,"['mat', 'matted', 'mats', 'farted', 'matting']"
325,678881,vermouths,"['crouches', 'vermouth', 'fermented', 'ferment', 'permitted']"
326,678974,chequeing,"['creases', 'cheques', 'crepes', 'cheque', 'chase', 'cheater']"
327,678982,revalidate,"['eradicating', 'devastate', 'validated', 'repudiated', 'debilitate', 'replicated']"
328,679000,burnouts,"['mutinous', 'curious', 'vermouth', 'bailout', 'burnout', 'rollouts']"
329,679012,raftering,"['raft', 'rafting', 'rafted', 'rafters', 'rafts', 'rafter']"
330,679352,stockers,"['stockings', 'stockist', 'stocker', 'stockists', 'stocked', 'stocks', 'stocking', 'stock']"
331,679387,proctored,"['porter', 'proctors', 'proctor', 'proctorships', 'tractor', 'proctorship']"
332,679431,reving,"['keg', 'revs', 'rev', 'revved', 'pep', 'revving']"
333,679616,proctoring,"['porter', 'proctors', 'proctor', 'proctorships', 'tractor', 'proctorship']"
334,679720,patroled,"['patrolled', 'patrol', 'patrolling', 'patrols', 'patrollers', 'patroller']"
335,679945,punny,"['junky', 'gunny', 'pence', 'punks', 'bunny', 'pulpy']"
336,679951,cellulars,"['cell', 'cellular', 'cellularity', 'cellularities', 'cells']"
337,680283,muskies,"['musky', 'musk', 'musks']"
338,680926,troves,"['travel', 'trove', 'hove', 'dove', 'troy']"
339,743221,fos,"['div', 'hob', 'poc', 'dew', 'pax', 'sown']"
340,743242,chopins,"['chappie', 'closing', 'phobia', 'choices', 'chains', 'hopes']"
341,743262,disavows,"['disavowals', 'disavowed', 'disavowing', 'disavowal', 'disavow']"
342,743380,trombonists,"['components', 'trombone', 'trombonist', 'antagonist', 'trombones']"
343,743494,constancies,"['constancy', 'constantly', 'constant', 'constants', 'monotony']"
344,743500,decelerations,"['decelerates', 'decelerating', 'decelerate', 'deceleration', 'decelerated']"
345,743517,diverses,"['diversities', 'diverse', 'diversely', 'diver', 'dived', 'diversify', 'diversification', 'diversifies', 'dives', 'diversity', 'diverseness', 'diving', 'divers', 'diversenesses', 'diversifications', 'dive', 'dove', 'divings', 'diversifying', 'diversified']"
346,743732,namers,"['name', 'namings', 'names', 'naming', 'namer', 'named']"
347,743755,mses,"['wtf', 'jam', 'hop', 'ms', 'div', 'm']"
348,743845,dissociations,"['dissociating', 'dissociation', 'dissociates', 'dissociate', 'dissociative', 'dissociated']"
349,743883,zes,"['zzes', 'z']"
350,743891,lateralizing,"['lateralization', 'lateralizations', 'lateralize']"
351,744052,confabulates,"['confabulating', 'confabulation', 'confabulations', 'confabulated', 'confabulate']"
352,744274,follen,"['follies', 'foyer', 'couldn', 'bowler', 'woollen', 'bowlers']"
353,744544,buttockses,"['buttock', 'cutbacks', 'bottoms', 'unpacking', 'buttocks', 'attacked']"
354,744617,nauseas,"['nauseating', 'nauseous', 'nausea', 'nauseant', 'nauseants', 'nauseate', 'nauseates', 'nauseated']"
355,744637,greeneries,"['greenness', 'greennesses', 'greenery', 'greening', 'Greens', 'green', 'greenings', 'Green_Party', 'greens', 'Green_Partys', 'Green', 'greenly']"
356,744659,driftwoods,"['drifting', 'printouts', 'driftwood', 'dogwoods', 'distorting']"
357,744729,humilities,"['humbling', 'humility', 'humbled', 'humblenesses', 'humble', 'humbleness', 'humbles', 'humbly']"
358,744735,hamburgs,"['handbags', 'chamber', 'members', 'hammer', 'laboring', 'haunts']"
359,744780,disinclinations,"['disinclination', 'disinclining', 'disinclines', 'disinclined', 'disincline']"
360,744832,flyswatters,"['flattened', 'flustered', 'flatmates', 'flyswatter', 'swaggering']"
361,744895,rubbishes,"['rubbishy', 'subsist', 'rubbish', 'rubbishing', 'rubbished']"
362,744921,wides,"['wizen', 'width', 'bide', 'widenesses', 'wideness', 'wide']"
363,744981,mutualities,"['mutualness', 'mutualnesses', 'mutually', 'mutuality', 'mutual']"
364,744987,pricklings,"['prickliness', 'prickles', 'prickling', 'prickly', 'pricklinesses', 'prickled', 'prickle']"
365,745000,hoofbeat,"['heartbeat', 'offbeat', 'downbeat', 'hoovering', 'motorboat', 'doormat']"
366,745005,patchworks,"['snatcher', 'patchwork', 'overworked', 'bachelors', 'watchword']"
367,745006,civilizes,"['civilization', 'civilizing', 'civilize', 'civilized', 'civilizations']"
368,636723,permissivenesses,"['permissibilities', 'permissiveness', 'permits', 'permissions', 'permission', 'permissive', 'permit', 'permissively', 'permissibility', 'permitting', 'permissible', 'permitted', 'permissibly']"
369,636884,parkour,"['workout', 'partner', 'parody', 'vapour', 'pardon', 'parlor']"
370,637007,jiffys,"['lofty', 'nifty', 'sniffy', 'jiffy', 'misty', 'jiffies']"
371,637161,lagers,"['lager', 'taker', 'wage', 'layers', 'luger']"
372,637197,sure—,"['sure', 'surely', 'sureness', 'cure', 'surenesses', 'siree']"
373,637309,cartwright’s,"['daylights', 'starlight', 'cartilage', 'outweighs', 'cartwrights', 'cartwright']"
374,637328,zilches,"['Welsh', 'finch', 'ziploc', 'ranch', 'zilch']"
375,637519,slogs,"['slogging', 'slogged', 'slogger', 'slog', 'sloggers']"
376,637732,transcendentals,"['transcendental', 'transcendentalism', 'transcendentalist', 'transcendentalists', 'transcendentally', 'transcendentalisms']"
377,637739,transcendentalists,"['transcendental', 'transcendentalism', 'transcendentalist', 'transcendentally', 'transcendentalisms']"
378,1461,Uzbek,"['meek', 'Uzbeks', 'rebels', 'berk', 'leeks']"
379,1462,v,"['arc', 'vs', 'lit', 'hop', 'hor']"
380,1470,valhalla,"['patella', 'lethally', 'valuable', 'palpably', 'catcall', 'vanilla']"
381,1476,vatican,"['Italian', 'radical', 'vesicles', 'iration', 'reticent', 'aliens']"
382,1479,venetian,"['reactions', 'edition', 'ventilate', 'vacations', 'sanction', 'general']"
383,1480,Venezuelan,"['Venezuelas', 'Venezuela', 'Venezuelans', 'serviceman', 'pentathlon']"
384,1481,Venus,"['zeus', 'onus', 'Venuses', 'venue', 'tends']"
385,1485,vesta,"['pasta', 'siesta', 'rests', 'mesa', 'vestal', 'vistas']"
386,1487,victorian,"['historian', 'anatolian', 'stentorian', 'vegetarian', 'eviction']"
387,1488,viennese,"['witness', 'tennessee', 'finesse', 'quietness', 'vignettes', 'Japanese']"
388,1489,Vietnamese,"['Vietnams', 'witnesses', 'enclosing', 'Vietnam', 'interfering']"
389,1490,virginia,"['nirvana', 'violinist', 'virgins', 'vaginal', 'organic', 'marginal']"
390,1491,Virgo,"['Virgoes', 'ciao', 'digs', 'heroes', 'bigot']"
391,1499,w,"['sur', 'lit', 'ws', 'hop', 'wha']"
392,1500,walker,"['walk', 'walkings', 'walks', 'walking', 'walkers', 'walked']"
393,1504,Wednesday,"['Wednesdays', 'redesigned', 'Indonesian', 'hideaway', 'necessary']"
394,1505,welch,"['welts', 'welches', 'welching', 'wells', 'welched']"
395,1507,Welsh,"['Welshes', 'Waleses', 'awash', 'Wales', 'tense']"
396,1508,Welshman,"['horseman', 'oarsmen', 'postman', 'horsemen', 'Welshmen']"
397,1509,Welshwoman,"['meltdowns', 'serviceman', 'weatherman', 'bemoaning', 'Frenchman', 'charwoman']"
398,1514,whig,"['whit', 'whirr', 'chug', 'digs', 'whip', 'wha']"
399,1515,whit,"['whits', 'whirr', 'lit', 'warts', 'wha']"
400,1516,whitehall,"['wholesaler', 'shelling', 'highball', 'firewall', 'reiterate', 'initially']"
401,1520,winchester,"['polyester', 'encounters', 'increasing', 'kilometers', 'watchtower', 'sightseers']"
402,1521,windsor,"['finder', 'divisor', 'winder', 'windup', 'vendor', 'winter']"
403,1524,wren,"['brew', 'ovens', 'preen', 'len', 'wrens']"
404,1526,x,"['eta', 'xes', 'hor', 'gps', 'hop']"
405,1534,xerox,"['Xerox', 'Xeroxes', 'xeroxes', 'heroes', 'begot']"
406,1536,xmas,"['mask', 'chas', 'twas', 'rms', 'mal', 'mar']"
407,1537,y,"['eta', 'lit', 'len', 'hop', 'ys']"
408,1541,yank,"['yanked', 'yanking', 'yankers', 'yanker', 'yanks']"
409,1542,Yankee,"['danes', 'tanker', 'bankers', 'basket', 'Yankees']"
410,1546,Yemenite,"['infinite', 'fermented', 'emotive', 'ferment', 'nominated', 'emanate']"
411,1549,yorkshire,"['reshaping', 'requires', 'courtside', 'workmate', 'porpoises', 'inspired']"
412,1555,zen,"['sons', 'kin', 'lin', 'len', 'met', 'ems']"
413,1558,zeppelin,"['repelling', 'Republic', 'pipelines', 'zeppelins', 'explained']"
414,1559,zeus,"['onus', 'Venus', 'zest', 'ness', 'suss', 'begs']"
415,1561,zulu,"['hulk', 'blu', 'gull', 'rule', 'gulps', 'guru']"
416,1570,abaci,"['circus', 'abacus', 'abacuses', 'apace', 'hocus', 'abase']"
417,1571,aback,"['lack', 'smack', 'banks', 'cracks', 'hack']"
418,1573,abacus,"['circus', 'abacuses', 'apace', 'hocus', 'abase']"
419,1574,abaft,"['abate', 'abut', 'avast', 'drafts', 'abase']"
420,1575,abandon,"['abandoned', 'abandonments', 'abandonment', 'abandoning', 'abandons']"
421,1576,abandoned,"['abandon', 'abandonments', 'abandons', 'abandonment', 'abandoning']"
422,1578,abandonment,"['abandoned', 'abandonments', 'abandoning', 'abandon', 'abandons']"
423,1579,abase,"['abasements', 'abases', 'abasement', 'abasing', 'abased']"
424,1580,abasement,"['abase', 'abasements', 'abases', 'abasing', 'abased']"
425,1581,abash,"['abashes', 'abashments', 'abashing', 'abashment', 'abashed']"
426,1583,abate,"['abating', 'abators', 'abatement', 'abatements', 'abates', 'abator', 'abated', 'abatable']"
427,1584,abatement,"['abating', 'abate', 'abators', 'abatements', 'abates', 'abator', 'abated', 'abatable']"
428,1586,abattoir,"['buttock', 'attired', 'abattoirs', 'buttoned', 'tractor']"
429,1589,abbess,"['abbatial', 'abbey', 'abbot', 'abbots', 'abbesses', 'abbeys']"
430,1590,abbey,"['abbatial', 'abbot', 'abbots', 'abbesses', 'abbess', 'abbeys']"
431,1591,abbot,"['abbatial', 'abbey', 'abbots', 'abbesses', 'abbess', 'abbeys']"
432,1592,abbreviate,"['abbreviation', 'abbreviated', 'abbreviators', 'abbreviations', 'abbreviates', 'abbreviating', 'abbreviator']"
433,1593,abbreviation,"['abbreviate', 'abbreviated', 'abbreviators', 'abbreviations', 'abbreviates', 'abbreviating', 'abbreviator']"
434,1594,abdicate,"['abdicable', 'abdicator', 'abdicates', 'abdications', 'abdicated', 'abdication', 'abdicating', 'abdicators']"
435,1595,abdication,"['abdicable', 'abdicator', 'abdicates', 'abdications', 'abdicated', 'abdicating', 'abdicators', 'abdicate']"
436,1596,abdomen,"['abdomens', 'adored', 'boxers', 'abdominal', 'abdominals']"
437,1597,abdominal,"['abdomen', 'abdomens', 'criminal', 'nominated', 'abdominals']"
438,1600,abduct,"['abducting', 'abduction', 'abductors', 'abducted', 'abducts', 'abductor', 'abductions']"
439,1601,abduction,"['abducting', 'abduct', 'abductors', 'abducted', 'abducts', 'abductor', 'abductions']"
440,1602,abductor,"['abductions', 'abducting', 'abduct', 'abduction', 'abductors', 'abducted', 'abducts']"
441,1603,abeam,"['bear', 'beau', 'abel', 'beans', 'beam']"
442,1605,abed,"['amped', 'feeds', 'amend', 'obey', 'ace']"
443,818,Krishna,"['parishes', 'phishing', 'criminal', 'Krishnas', 'artisans']"
444,821,l,"['dew', 'wtf', 'hor', 'fbi', 'ls']"
445,837,lascar,"['lacks', 'lascars', 'basal', 'castors', 'faster']"
446,838,latin,"['latent', 'pacin', 'sayin', 'agin', 'lawn', 'martin']"
447,839,Latvian,"['oarsmen', 'Latvias', 'Latvia', 'Latvians', 'spatial']"
448,840,lazarus,"['valorous', 'amassing', 'amorous', 'abacus', 'lizards', 'layers']"
449,847,Lent,"['wet', 'gent', 'len', 'net', 'Lents']"
450,850,lesbian,"['lesbians', 'aerials', 'leeway', 'leaning', 'missin']"
451,857,leviticus,"['pernicious', 'virtuous', 'terminus', 'propitious', 'rejoices', 'gelatinous']"
452,859,Libra,"['aura', 'fibres', 'dora', 'brags', 'Libras']"
453,860,Libyan,"['risin', 'ribcage', 'Libyans', 'Libyas', 'Libya']"
454,863,Limerick,"['nitpick', 'Limericks', 'imprints', 'sidekick', 'metrics']"
455,864,Lithuanian,"['Lithuania', 'Lithuanians', 'shenanigans', 'violation', 'Lithuanias']"
456,871,londoner,"['bordered', 'commoner', 'hoovering', 'wandering', 'banners', 'coroner']"
457,877,lothario,"['lethally', 'location', 'chariots', 'flotation', 'lethargy', 'cathartic']"
458,878,lovelace,"['livelier', 'defacing', 'loveless', 'overdue', 'cleveland', 'typefaces']"
459,881,lucifer,"['luther', 'tucker', 'suffer', 'dulcimer', 'lucifers']"
460,888,lyceum,"['lyceums', 'asylums', 'locusts', 'labeled', 'latest']"
461,891,m,"['jam', 'eta', 'ms', 'pax', 'len']"
462,893,Macedonian,"['Macedonia', 'Macedonians', 'Macedonias', 'ceremonial', 'palestinian']"
463,900,magyar,"['majors', 'manuals', 'magnets', 'caviar', 'madder', 'mafia']"
464,911,Malay,"['allies', 'salty', 'waylay', 'Malays', 'delays']"
465,913,Maltese,"['salience', 'Maltas', 'relies', 'valise', 'Malta']"
466,917,Manila,"['santa', 'granola', 'anvil', 'Manilas', 'sanity']"
467,921,maori,"['murk', 'Nazi', 'matrix', 'myopia', 'maples', 'mains']"
468,923,marathon,"['iration', 'vacations', 'marathons', 'marathoners', 'marathoner']"
469,924,March,"['perch', 'arches', 'Marches', 'match', 'arch']"
470,925,Mars,"['arc', 'dare', 'Mar', 'yard', 'mar']"
471,928,martian,"['caption', 'mailman', 'caution', 'marlin', 'martin', 'maroon']"
472,929,martini,"['barking', 'martinis', 'marten', 'marries', 'tartan']"
473,934,marxist,"['Christ', 'harvest', 'marries', 'parishes', 'racist', 'jurist']"
474,938,maxim,"['exits', 'maid', 'macho', 'balm', 'maxims']"
475,939,may,"['gig', 'mays', 'rusk', 'bead', 'two']"
476,943,Mayflower,"['cornflower', 'waffling', 'leftovers', 'Mayflowers', 'cashflow']"
477,944,maying,"['darling', 'fainted', 'minded', 'hanging', 'sting', 'ganging']"
478,949,melpomene,"['components', 'newcomers', 'exposing', 'movements', 'meltdowns', 'examining']"
479,952,Mercury,"['secure', 'Mercurys', 'descry', 'reveries', 'Mercurial']"
480,954,Messiah,"['messiahs', 'messianic', 'messiahships', 'messiahship', 'Messiahs', 'messiah']"
481,955,messrs,"['desires', 'miser', 'hears', 'lessons', 'metro', 'lessor']"
482,956,methodist,"['mediated', 'retorted', 'aphorisms', 'authority', 'exhorted', 'resisting']"
483,958,metro,"['vitro', 'euros', 'hero', 'metros', 'meteor']"
484,959,Mexican,"['Mexicoes', 'Venice', 'demeaned', 'Mexicans', 'Mexico']"
485,960,michaelmas,"['mischievous', 'mirthless', 'mistreated', 'misreading', 'midfielder', 'schoolmate']"
486,963,minerva,"['Nigeria', 'minutiae', 'inertia', 'minivan', 'miseries', 'interval']"
487,968,mogul,"['module', 'moguls', 'cowl', 'moneys', 'magna']"
488,971,mohawk,"['mocks', 'mohawks', 'molars', 'sharks', 'morass']"
489,972,mohican,"['lexicons', 'joined', 'holiday', 'moiety', 'mortals', 'puritan']"
490,977,Monday,"['wonky', 'noonday', 'candies', 'someday', 'Mondays']"
491,663974,outdistances,"['outdistancing', 'outdistance', 'outdistanced']"
492,663978,adjudicates,"['adjudicator', 'justice', 'adjudicators', 'adjudicate', 'judicial', 'adjudicative', 'judgeship', 'adjudicatory', 'judges', 'judiciary', 'judge', 'justices', 'judgings', 'judgments', 'judged', 'judgmental', 'judicially', 'judgeships', 'judging', 'adjudicating', 'adjudicated', 'judiciaries', 'judgment', 'adjudication', 'adjudications']"
493,664156,five—,"['flake', 'tuft', 'foil', 'fives', 'jocks', 'five']"
494,664160,later—,"['lastly', 'later', 'save', 'natty', 'often', 'lately']"
495,664182,go—,"['go', 'went', 'goers', 'goer', 'goings', 'gone', 'going', 'goes']"
496,664189,hope—,"['hope', 'hopers', 'hopes', 'hoped', 'hoping', 'hoper']"
497,664196,move—,"['motion', 'moveable', 'mover', 'movables', 'move', 'moving', 'motioning', 'moved', 'movablenesses', 'movableness', 'motions', 'moves', 'movabilities', 'movement', 'movements', 'movability', 'motioned', 'movable', 'movers', 'motional']"
498,664221,line—,"['lined', 'lineation', 'lineally', 'lining', 'lines', 'lineations', 'line', 'linings', 'lineal', 'liner', 'liners']"
499,664472,sputterings,"['sputtering', 'sauntered', 'sputters', 'sputter', 'sputtered']"
500,664774,but—,"['tot', 'teas', 'mot', 'but', 'pda', 'Nile']"
501,664926,conurbations,"['masturbation', 'perturbation', 'foundation', 'concoction', 'conurbation']"
502,664928,comorbidity,"['cordiality', 'commonality', 'possibility', 'complexity', 'capabilities', 'immortality']"
503,888714,shion,"['shook', 'sins', 'sons', 'union', 'spoons', 'shirk']"
504,888726,anionic,"['anion', 'anionics', 'anions']"
505,888897,smallholders,"['freeloader', 'steamroller', 'freeloaders', 'smallholder', 'midfielder']"
506,889056,resonants,"['resounding', 'resounds', 'resonating', 'resonant', 'resonated', 'resonators', 'resounded', 'resonance', 'resound', 'resonate', 'resonator', 'resonates', 'resonances']"
507,889060,stylistics,"['stylistic', 'stylists', 'stylizes', 'stylistically', 'stylized', 'styled', 'stylizations', 'styles', 'stylizing', 'style', 'styling', 'stylers', 'stylist', 'stylize', 'styler', 'stylization']"
508,889407,buybacks,"['buttock', 'bureau', 'mucking', 'buy_back', 'buyback']"
509,889503,yales,"['vale', 'halls', 'tales', 'hares', 'races', 'stale']"
510,889504,princetons,"['princess', 'arlington', 'printouts', 'pancetta', 'principles', 'principal']"
511,889534,namings,"['name', 'namers', 'names', 'naming', 'namer', 'named']"
512,889535,brittanys,"['buttoned', 'brutally', 'puritan', 'pittance', 'brimming', 'brittle']"
513,889546,madisons,"['mansions', 'caisson', 'motions', 'liaison', 'edison', 'poisons']"
514,889580,angioplasties,"['angularity', 'antioxidants', 'angioplasty', 'antipathies', 'anticipate']"
515,889842,pressors,"['pressor', 'blood_pressure', 'blood_pressures']"
516,890158,horrids,"['horridnesses', 'horrid', 'horridly', 'horridness']"
517,890192,haddock’s,"['addicts', 'haddocks', 'haddock', 'handoff', 'hassock', 'headlock']"
518,890230,spillovers,"['splutter', 'spillover', 'splutters', 'followers', 'spilling']"
519,890725,cavalries,"['savoury', 'savagery', 'cavalier', 'cavort', 'cavalry']"
520,890774,disuniting,"['disunion', 'disunions', 'disunited', 'disunites', 'disunite']"
521,890905,fiending,"['beheading', 'licensing', 'offerings', 'spending', 'gigging', 'bindings']"
522,892022,bams,"['dam', 'bam', 'dams', 'jam', 'bays']"
523,892082,overcurrent,"['overburden', 'overcrowding', 'overheated', 'overextended', 'overreacted', 'governments']"
524,892162,upsurges,"['scourge', 'exposure', 'plunges', 'drudge', 'upsurge']"
525,892256,snowboarders,"['snowboard', 'snowboards', 'snowboarding', 'snowboarder', 'snowboardings']"
526,892291,humblebrag,"['crumbling', 'hammering', 'dumbledore', 'humiliating', 'hampering', 'umbrellas']"
527,892414,evidents,"['evidences', 'evident', 'evidential', 'evidentiary', 'evidencing', 'evidently', 'evidenced', 'evidence']"
528,892439,hacksaws,"['oversaw', 'hockey', 'tacked', 'lockjaw', 'hacksaw']"
529,892519,allisons,"['artisans', 'assigns', 'allusion', 'millions', 'billion', 'liaison']"
530,892880,normalisation,"['normalisations', 'normalise', 'normalisers', 'normaliser']"
531,892893,subjectivities,"['subjectiveness', 'subjectively', 'subjective', 'subjectivity', 'subjectivenesses']"
532,892909,gp’s,"['gues', 'spy', 'apse', 'boss', 'gush', 'ipso']"
533,52103,beached,"['beach', 'beaches', 'belch', 'beaching', 'bash']"
534,52104,wandered,"['wanderers', 'wanderer', 'wanders', 'wandering', 'wanderings', 'wander']"
535,52105,bands,"['bland', 'band', 'banding', 'bangs', 'banded']"
536,52106,fires,"['fierinesses', 'firings', 'fired', 'firing', 'fire', 'fiery', 'fieriness', 'fierily']"
537,52107,bleating,"['beading', 'bloating', 'leanings', 'clearing', 'fleeting', 'cleaning']"
538,52108,laurels,"['levels', 'lawer', 'parcels', 'patrols', 'laurel']"
539,52109,shepherding,"['shepherd', 'lechery', 'shepherded', 'shepherds', 'cheater']"
540,52110,flocks,"['flocking', 'fleck', 'flocked', 'flock', 'stock']"
541,52111,resembling,"['resembled', 'resemblances', 'resembles', 'resemblance', 'resemble']"
542,52114,spared,"['spar', 'sur', 'spars', 'sparrings', 'sparred', 'sparring']"
543,52115,parts,"['partitioning', 'partitionist', 'partitives', 'partialnesses', 'partiality', 'partitionists', 'partials', 'parted', 'partings', 'partitioned', 'partialness', 'partitions', 'part', 'partially', 'partitive', 'partitionings', 'partial', 'partition', 'parting', 'partialities']"
544,52117,cheeses,"['creases', 'cheesed', 'cheesing', 'chase', 'cheese']"
545,52118,kids,"['kidded', 'kidding', 'kid', 'hid', 'pic']"
546,52119,pens,"['pent', 'pen', 'pennings', 'penning', 'penned']"
547,52121,bowls,"['bowlers', 'bowling', 'bowler', 'bowled', 'bowl']"
548,52122,pails,"['pals', 'ails', 'pairs', 'pail', 'gail']"
549,52123,milked,"['mocked', 'joked', 'pimped', 'puked', 'mislead', 'milieu']"
550,52124,begged,"['beggary', 'beggaries', 'beg', 'begging', 'begs']"
551,52126,males,"['maleness', 'male', 'malenesses']"
552,52127,rams,"['rammed', 'rammer', 'ram', 'ramming', 'rammers']"
553,52131,waggons,"['wiggles', 'waggon', 'regions', 'agonies', 'dragons']"
554,52132,curdled,"['curdlings', 'curdling', 'curve', 'curdle', 'curdles']"
555,52133,strainers,"['strainings', 'strenuousnesses', 'strenuousness', 'strenuosity', 'strains', 'strenuously', 'strenuosities', 'strainer', 'strenuous', 'strained', 'straining', 'strain']"
556,52134,travellers,"['travel', 'traveler', 'traveller', 'traveling', 'travelings', 'travelled', 'travelling', 'travelers', 'travels', 'travellings']"
557,52135,fearing,"['feared', 'fear', 'char', 'flaws', 'fears']"
558,52136,shunning,"['shunned', 'shunnings', 'shun', 'shuns', 'han']"
559,52137,gripped,"['cripples', 'wrappers', 'tipped', 'rapped', 'cramped', 'griefs']"
560,52138,puppies,"['puppy', 'floppy', 'trippy', 'poppy', 'crappy']"
561,52139,brains,"['brainy', 'brace', 'brain', 'braining', 'brained']"
562,52140,supped,"['suppings', 'supping', 'sup', 'sups', 'supper', 'suppers']"
563,52141,gobbled,"['gobbles', 'gobbling', 'gobble', 'gobbler', 'gobblers']"
564,52142,uneaten,"['snatch', 'engages', 'unharmed', 'sneeze', 'unseen', 'shelters']"
565,52143,stretched,"['stretchinesses', 'stretchy', 'stretchers', 'stretching', 'stretchiness', 'stretchings', 'stretcher', 'stretches', 'stretch']"
566,52144,reflected,"['reflective', 'reflectors', 'reflector', 'reflectively', 'reflectivity', 'reflects', 'reflect', 'reflectivities', 'reflecting']"
567,52145,sobbing,"['sobs', 'sobbings', 'sob', 'mob', 'sobbed']"
568,52146,sighing,"['sim', 'sighs', 'sigh', 'wish', 'sighed']"
569,52147,clutched,"['couched', 'clenched', 'coughed', 'butcher', 'clutter', 'coached']"
570,52150,clapping,"['clapper', 'clappers', 'clapped', 'clappings', 'claps', 'clap']"
571,52151,follows,"['follower', 'followers', 'followings', 'follow', 'followed', 'following']"
572,52152,intending,"['intently', 'intentionalities', 'intentions', 'intentionally', 'intentness', 'intentnesses', 'intent', 'intends', 'intention', 'intents', 'intended', 'intentionality', 'intend', 'intentional']"
573,52154,proceeded,"['proceeds', 'procession', 'proceedings', 'proceeding', 'proceed', 'procedures', 'procedural', 'procedure', 'processions']"
574,52155,charring,"['wha', 'char', 'chars', 'han', 'charred']"
575,52156,harder,"['harden', 'pander', 'harlem', 'carver', 'carer', 'harem']"
576,52157,lots,"['lotting', 'lot', 'mot', 'rot', 'lotted']"
577,52159,prompted,"['prompting', 'prompt', 'prompters', 'promptly', 'prompter', 'promptness', 'prompts', 'promptings', 'promptnesses']"
578,52161,ramping,"['rampageous', 'rampaging', 'rampantly', 'ramps', 'rampaged', 'rampage', 'rampages', 'rampant', 'ramp', 'ramped']"
579,52162,intolerably,"['irreparably', 'tolerable', 'inevitably', 'intolerance', 'unalterable']"
580,52163,plausibly,"['plausible', 'plausibilities', 'plausibility', 'plausibleness', 'plausiblenesses']"
581,52166,gobbets,"['rabbits', 'gadgets', 'gobbet', 'Sorbet', 'rockets']"
582,52167,gorging,"['gorger', 'gorged', 'gorge', 'gorges', 'gorgers']"
583,52168,encouraged,"['encouragements', 'encouragement', 'encourage', 'encourages', 'encouraging']"
584,52169,bubbled,"['bubblies', 'bubbly', 'bubbles', 'bubblers', 'bubblinesses', 'bubbler', 'bubbliness', 'bubbling', 'bubble']"
585,52170,eyebrows,"['furrow', 'narrows', 'eyebrow', 'escrow', 'emperor']"
586,52171,roots,"['rooting', 'rootlets', 'root', 'rootage', 'rootlet', 'rootages', 'rootings', 'rooted']"
587,52172,sputtered,"['sputterings', 'sputtering', 'mutter', 'sputters', 'sputter']"
588,52173,plunges,"['plunge', 'plunging', 'plunger', 'plunged', 'plungers']"
589,52176,yells,"['yellers', 'yell', 'yelled', 'yeller', 'yelling', 'yellings']"
590,52177,plucked,"['tucked', 'cocked', 'plumber', 'placid', 'picked']"
591,52178,besmirched,"['besmirching', 'besmirch', 'besmirches']"
592,52179,hurled,"['hurls', 'hurlers', 'hurling', 'hurl', 'hurler']"
593,52180,quarters,"['quartering', 'quarterings', 'quarterly', 'quarterss', 'quarterlies', 'quarter', 'quartered']"
594,52181,ails,"['ailments', 'ailing', 'ailed', 'ailment', 'ail']"
595,52182,stillness,"['still', 'stilling', 'stills', 'stillnesses', 'stilled']"
596,52183,attacking,"['attacked', 'attackers', 'attacker', 'attacks', 'attack']"
597,52184,schemed,"['schemes', 'schematizes', 'schematizing', 'scheme', 'schematized', 'schematizations', 'schema', 'schemas', 'schemer', 'schematically', 'schematize', 'schematic', 'scheming', 'schematics', 'schemers', 'schematization']"
598,52185,depends,"['depending', 'dependant', 'dependent', 'dependence', 'dependencies', 'depended', 'dependences', 'dependants', 'dependents', 'depend', 'dependency']"
599,52186,noiselessly,"['noiselessnesses', 'noiseless', 'ruthlessly', 'listlessly', 'noiselessness']"
600,52187,threes,"['three', 'amped', 'unite', 'shawls', 'things']"
601,52188,withies,"['withy', 'pith', 'tithes', 'width', 'within']"
602,52190,patiently,"['patience', 'patiences', 'patients', 'patented', 'patient']"
603,52191,udders,"['ladder', 'umber', 'madder', 'idler', 'udder']"
604,52192,backs,"['backer', 'backed', 'backing', 'backers', 'backings', 'back']"
605,52193,bellies,"['bellied', 'boldly', 'nelly', 'belly', 'bellying']"
606,52194,bubbling,"['budging', 'bubbles', 'burping', 'budding', 'bombing']"
607,52197,freed,"['feeds', 'preyed', 'greedy', 'peed', 'reeks', 'trends']"
608,62940,illusions,"['illusionists', 'illusional', 'illusory', 'illusionist', 'illusion', 'illusionary']"
609,62942,goodish,"['boyish', 'goodie', 'abolish', 'moorish', 'goodness']"
610,62944,flinging,"['ping', 'fling', 'flings', 'ming', 'flung']"
611,62947,defrauding,"['defrauds', 'defraud', 'defrauded', 'defrauder', 'defrauders']"
612,62948,inundating,"['inundated', 'inundation', 'inundate', 'inundations', 'inundates']"
613,62950,piers,"['pier', 'peek', 'vie', 'pep', 'peed']"
614,62951,stabbed,"['nabbed', 'bobbed', 'stammer', 'staffed', 'strayed', 'dabbed']"
615,62954,archimedes,"['accredited', 'perimeter', 'remodeling', 'worthiness', 'paramedics', 'architect']"
616,62956,arches,"['arched', 'arching', 'archly', 'match', 'arch']"
617,62959,reprimands,"['reprimand', 'reprimanded', 'reprimanding', 'reprisal', 'heartland']"
618,62961,moldings,"['molds', 'moldable', 'moldiness', 'molding', 'moldy', 'mold', 'moldinesses']"
619,62965,feuds,"['held', 'feeds', 'feud', 'feuding', 'feuded']"
620,62966,dines,"['dining', 'dinners', 'dine', 'dinings', 'dinner', 'diner', 'diners', 'dined']"
621,62972,Westminster,"['Westminsters', 'encounters', 'restaurateur', 'instigates', 'terminated']"
622,62973,styles,"['stylized', 'stylist', 'styler', 'style', 'styled', 'stylization', 'stylizations', 'stylers', 'stylists', 'stylize', 'stylistic', 'stylizes', 'styling', 'stylistically', 'stylizing']"
623,62974,threading,"['threads', 'threader', 'thready', 'threaded', 'thread', 'threaders']"
624,62976,crowding,"['crowd', 'crowdings', 'chords', 'crowded', 'crowds']"
625,62987,naves,"['gavel', 'nave', 'ace', 'ame', 'care']"
626,62989,corroborated,"['corroborate', 'corroboratory', 'corroborating', 'corroborations', 'corroboration', 'corroborates', 'corroborative']"
627,62991,befriends,"['befriended', 'beforehand', 'nearness', 'befriend', 'befriending']"
628,62992,storehouses,"['warehouses', 'workhouse', 'porpoises', 'storehouse', 'dollhouse']"
629,62993,gravest,"['harvest', 'heaviest', 'graders', 'gravel', 'racist', 'graver']"
630,62997,undulations,"['undulates', 'undulated', 'undulate', 'undulation', 'undulating']"
631,62998,enfeebled,"['enfeeblement', 'enfeebles', 'enfeeble', 'enfeebling', 'enfeeblements']"
632,63001,abducted,"['abducting', 'abduct', 'abduction', 'abductors', 'abducts', 'abductor', 'abductions']"
633,63003,growling,"['growlers', 'growls', 'growlings', 'growler', 'growled', 'growl']"
634,63006,confiding,"['confidence', 'confidential', 'confide', 'confidingly', 'confidently', 'confided', 'confides', 'confidentially', 'confidentiality', 'confidentialities', 'confidant', 'confident', 'confidences', 'confidants']"
635,63007,elbowed,"['elbow', 'flows', 'elbowing', 'elbows', 'elbowings']"
636,63008,persevered,"['perseverances', 'persevere', 'perseverate', 'persevering', 'perseverations', 'perseveration', 'perseveres', 'perseverance']"
637,63010,workroom,"['playroom', 'workhouse', 'workrooms', 'homeroom', 'wondrous']"
638,63011,halfway,"['parkway', 'partway', 'fallaway', 'fairway', 'airways']"
639,63012,dirtiest,"['quietest', 'dilutes', 'listless', 'swiftest', 'distrusts', 'tiniest']"
640,63016,aisles,"['aisle', 'angles', 'raises', 'sidle', 'ashe']"
641,63018,facetiously,"['facetiousness', 'facetious', 'facetiousnesses', 'fleetingly', 'mysteriously']"
642,63020,thunderstorms,"['thunderstorm', 'cornerstone', 'outperforms', 'handwriting', 'hundredfold']"
643,63022,epitaphs,"['pitches', 'escaping', 'epitaph', 'spinach', 'snitched']"
644,63025,shutters,"['shuttings', 'shuttering', 'shuttered', 'shutter', 'shuts', 'shut', 'shutting']"
645,63028,denunciations,"['decapitation', 'elucidation', 'definitions', 'conciliation', 'denunciation']"
646,63029,monuments,"['opulent', 'ornaments', 'monumental', 'comments', 'monument']"
647,63030,irregularities,"['irregularity', 'recuperating', 'irregular', 'irregularly', 'irregulars']"
648,63031,outlasted,"['cutlets', 'outlasts', 'outlasting', 'outlast', 'outland']"
649,63032,amours,"['tours', 'amour', 'hour', 'fours', 'savour']"
650,63038,affluents,"['fluency', 'affluent', 'affluences', 'affluence', 'solvent']"
651,63039,fainter,"['finder', 'pointer', 'filter', 'winter', 'saunter', 'faster']"
652,63044,petitioned,"['petitioners', 'petitions', 'petitionary', 'petitioner', 'petitioning', 'petition']"
653,63050,boles,"['bel', 'tones', 'bosh', 'bole', 'cole']"
654,63051,fatiguing,"['fatigues', 'facing', 'damaged', 'fatigued', 'fatigue']"
655,63052,skulking,"['skulker', 'skulked', 'skulkers', 'skulk', 'skulks', 'skulkings']"
656,63053,uprights,"['uprightnesses', 'writhed', 'upright', 'uprightness', 'uprightly']"
657,63057,alleys,"['alien', 'allay', 'alley', 'allege', 'allie']"
658,63062,spacings,"['spacial', 'spaciousness', 'spaced', 'spatiality', 'spatialities', 'spatial', 'spaciousnesses', 'spaces', 'spaciously', 'space', 'spacious', 'spacing', 'spatially']"
659,63064,pursues,"['pursuit', 'pursued', 'pursue', 'pursuers', 'pursuance', 'pursuant', 'pursuits', 'pursuer', 'pursuances', 'pursuing']"
660,63068,uplifted,"['splatter', 'splatters', 'unlocked', 'snifter', 'platter']"
661,63069,persecutes,"['persecutor', 'persecutions', 'persecution', 'persecuted', 'persecutors', 'persecute', 'persecuting']"
662,63074,transmits,"['transmittals', 'transmission', 'transmittal', 'transmit', 'transmitted', 'transmitters', 'transmissions', 'transmitter', 'transmittings', 'transmitting', 'transmissible']"
663,63076,stumped,"['stumper', 'stumping', 'stumpers', 'stump', 'stumps']"
664,63078,coalesced,"['coalescencies', 'coalescences', 'coalescing', 'coalitions', 'coalescency', 'coalesces', 'coalescence', 'coalesce', 'coalition', 'coalescent']"
665,63082,portrayed,"['portable', 'outdated', 'portland', 'mortgages', 'partakes']"
666,63083,recommends,"['recommended', 'recommending', 'recommend', 'recommendation', 'recommendations']"
667,63084,writhed,"['writhes', 'writhing', 'wringer', 'trifles', 'writhe']"
668,63085,utilizing,"['utilisations', 'utilizations', 'utility', 'utilizes', 'utilizers', 'utilize', 'utilitarians', 'utilizer', 'utilitarian', 'utile', 'utilise', 'utilisation', 'utilities', 'utilizable', 'utilization', 'utilized']"
669,63086,peered,"['peers', 'peer', 'wears', 'leer', 'peering']"
670,63087,simplifies,"['simplified', 'simplifying', 'simplify', 'simplification', 'simplifications']"
671,63088,canals,"['canalizing', 'canalizations', 'canalise', 'canalize', 'canalization', 'canal', 'canalized', 'canalisation', 'canalizes', 'canalled', 'canalisations', 'canalling']"
672,63090,decaying,"['decadencies', 'decadences', 'decadent', 'decadents', 'decayed', 'decays', 'decay', 'decadence', 'decadency']"
673,63093,facilitating,"['facilitator', 'facilitatory', 'facilitators', 'facilitations', 'facilitative', 'facilitate', 'facilitation', 'facilitates', 'facilitated']"
674,63094,betraying,"['restrained', 'bracings', 'retained', 'straining', 'behaving', 'beheading']"
675,63095,revenges,"['defense', 'revenged', 'revenging', 'reveries', 'revenge']"
676,63099,workings,"['forked', 'warped', 'working', 'warning', 'warping']"
677,1525359,prognosticates,"['prognosticators', 'prognostication', 'prognostications', 'prognosticator', 'prognosticated', 'prognosis', 'prognosticative', 'prognosticating', 'prognosticate', 'prognostics', 'prognoses', 'prognostic']"
678,1525878,interdependences,"['interdependent', 'interdependency', 'interdependencies', 'interdependence', 'interdepend']"
679,1525970,benumbs,"['benumbed', 'benumb', 'benumbing']"
680,1526072,progenies,"['rodent', 'cronies', 'progeny', 'potency', 'potent']"
681,1526292,effervescents,"['effervescing', 'effervesce', 'effervescences', 'effervescence', 'effervesced', 'effervescent', 'effervesces']"
682,1527243,ftped,"['fats', 'caps', 'kip', 'feds', 'tis', 'pep']"
683,1527265,ftping,"['fats', 'caps', 'kip', 'feds', 'tis', 'pep']"
684,1527555,lostest,"['losts', 'oozed', 'used', 'owing', 'came', 'lost']"
685,1527875,christendoms,"['consistent', 'newsvendor', 'coexistence', 'glistening', 'calisthenics', 'threatened']"
686,1528737,liveing,"['liveries', 'livings', 'living', 'liveable', 'lives', 'liver', 'live', 'livenesses', 'lived', 'liveness', 'livery', 'livers', 'livable']"
687,1531749,whishes,"['whishing', 'whish', 'whished']"
688,1531934,retrofited,"['retrace', 'retrofitting', 'retrofitted', 'retrofits', 'retrofit', 'ferocity']"
689,1532100,bouldering,"['offerings', 'ballerina', 'laundering', 'sufferings', 'borderline', 'bickering']"
690,1532131,envenomation,"['generations', 'Annunciation', 'degeneration', 'exploration', 'denunciation', 'renovations']"
